Latitude,Longitude,MAT,MAP,Vegetation,Fertilization,Soil.type.raw,Soil.type,Soil.classification.system,Degree.Weathering,Resin.Pi,Bic.Pi,Bic.Po,OH.Pi,OH.Po,acid.Pi,Resi.P,TPo,TP,pH,TC,TN,Sand,Silt,Clay,Texture,PME,Top.depth,Bottom.depth,Mean.depth
42.586455,-8.130569,11.9,1345,Perennial.woody,none,Inceptisol ,Inceptisols,USDA system,Low,3,7,32,91,127,6,,,704,4.85,11,0.8,56,,25,sandy clay loam,4.88,0,20,10
39.41666667,-4.066666667,14.9,622,Perennial.mixed,none,Dystric Cambisol,Cambisols,WRB system,Low,5.3,5.8,19.6,16.9,116.6,1.9,,,333.6,5.57,5.66,0.21,,,,,2.820968298,0,5,2.5
39.41666667,-4.066666667,14.9,622,Perennial.mixed,none,Dystric Cambisol,Cambisols,WRB system,Low,10.1,11.2,13.4,21.8,95.6,6.6,,,326,6.66,4.06,0.2,,,,,2.416389907,0,5,2.5
39.41666667,-4.066666667,14.9,622,Perennial.mixed,none,Dystric Cambisol,Cambisols,WRB system,Low,10.1,19.4,17.5,34.2,107.9,10.2,,,346.4,6.58,5.19,0.23,,,,,2.580981957,0,5,2.5
39.41666667,-4.066666667,14.9,622,Perennial.mixed,none,Dystric Cambisol,Cambisols,WRB system,Low,15.3,14.2,15.7,35.9,99.2,8.7,,,339.9,6.61,4.29,0.19,,,,,1.962040112,0,5,2.5
39.41666667,-4.066666667,14.9,622,Perennial.mixed,none,Dystric Cambisol,Cambisols,WRB system,Low,11.1,9,15.8,25,86.9,5,,,335.3,6.63,4.12,0.19,,,,,1.993579901,0,5,2.5
-62.18055556,-58.90972222,-2,800,Perennial.herbaceous,none,"Histosols, Regosols, Cambisols, Andisols",,,,27.48,0.96,7.95,2.96,1.98,385.89,,,,,1.13,,86,8,6,loamy sand,0.020990583,0,10,5
-62.18555556,-58.90916667,-2,800,Perennial.herbaceous,none,"Histosols, Regosols, Cambisols, Andisols",,,,47.88,3,8.46,24.3,9.47,281.75,,,,,0.09,,95,3,2,sand,0.098267558,0,10,5
50.84888889,4.43194444,10.2,787,Perennial.herbaceous,none,eutric or calcic regosols with anthropic origin,Regosols,FAO,Low,16.1,22.7,3.7,36.3,77,443.5,74.2,,,7.2,3.01,0.17,,,12.8,,1.4245,0,10,5
50.84888889,4.43194444,10.2,787,Perennial.herbaceous,none,eutric or calcic regosols with anthropic origin,Regosols,FAO,Low,25.6,21.7,5.5,29.3,104.9,417.2,51.8,,,7.1,3.91,0.22,,,12.6,,2.5221,0,10,5
50.86111111,4.45916667,10.2,787,Perennial.herbaceous,none,eutric or calcic regosols with anthropic origin,Regosols,FAO,Low,19.3,19,11,38.1,36.8,57,60.1,,,6.5,1.48,0.14,,,2.5,,1.0434,0,10,5
50.86111111,4.45916667,10.2,787,Perennial.herbaceous,none,eutric or calcic regosols with anthropic origin,Regosols,FAO,Low,28.1,23,12.5,42,44.6,55.1,59.7,,,5.9,1.8,0.15,,,2.4,,1.5779,0,10,5
50.44888889,3.81833333,10,760,Perennial.herbaceous,none,eutric or calcic regosols with anthropic origin,Regosols,FAO,Low,61.2,57.9,11.3,98,121,469.7,98,,,7.1,9.36,0.36,,,17,,2.3371,0,10,5
50.44888889,3.81833333,10,760,Perennial.herbaceous,none,eutric or calcic regosols with anthropic origin,Regosols,FAO,Low,91.5,81,14.3,118.9,160.5,421.8,69.8,,,7.2,8.51,0.36,,,14.1,,2.2805,0,10,5
51.65444444,11.04972222,6.8,640,Annual.agriculture,NP,Cambisols,Cambisols,WRB system,Low,66,42,29,161,140,182,,,884,,1.535,0.181,,,,,1.710876285,0,10,5
51.65444444,11.04972222,6.8,640,Annual.agriculture,NP,Luvisols,Luvisols,WRB system,Intermediate,58,42,36,164,146,177,,,823,,1.755,0.208,,,,,1.861835957,0,10,5
51.65444444,11.04972222,6.8,640,Annual.agriculture,NP,Stagnic Phaeozems,Phaeozems,WRB system,Intermediate,47,36,44,146,205,128,,,753,,2.265,0.2525,,,,,2.444108979,0,10,5
51.65444444,11.04972222,6.8,640,Annual.agriculture,NP,Gleysols,Gleysols,WRB system,Intermediate,44,34,50,144,197,103,,,726,,2.89,0.265,,,,,2.911365107,0,10,5
4.5,-71.31666667,26.5,2240,Perennial.mixed,none,"typic haplustox, fine kaolinitic, isohyperthermic",Oxisols,USDA system,High,0.8,1.6,8.6,22,42,0.3,,,179,5.1,2.1,1.45,,,,silty clay,1.825893178,0,15,7.5
4.5,-71.31666667,26.5,2240,Perennial.herbaceous,none,"typic haplustox, fine kaolinitic, isohyperthermic",Oxisols,USDA system,High,1.4,2.8,9.1,26,43,0.8,,,194,5.2,2.1,1.67,,,,silty clay,2.14937819,0,15,7.5
0.13333333,34.4,23,1800,Annual.agriculture,NP,Rhodic Kandiudox,Oxisols,USDA system,High,30.94783943,7.396640827,20.51340815,143.9178532,69.20272744,3.16021489,,,663.7233477,5.35,1.97,,21.5,20.7,57.8,clay,4.7875,0,15,7.5
0.13333333,34.4,23,1800,Annual.agriculture,NP,Rhodic Kandiudox,Oxisols,USDA system,High,32.96134803,13.15676141,22.97848156,191.415115,77.5040065,2.718821238,,,717.2053866,5.02,1.8,,21.5,20.7,57.8,clay,3.443,0,15,7.5
0.13333333,34.4,23,1800,Annual.agriculture,N,Rhodic Kandiudox,Oxisols,USDA system,High,1.255317038,1.275839793,21.91377553,63.30859803,95.39889516,1.047538669,,,454.5696225,4.69,1.8,,21.5,20.7,57.8,clay,2.5264,0,15,7.5
0.13333333,34.4,23,1800,Annual.agriculture,NP,Rhodic Kandiudox,Oxisols,USDA system,High,12.97536185,2.928509905,15.92865261,80.41566265,69.66179281,1.350779046,,,534.2470221,5.39,1.9,,21.5,20.7,57.8,clay,3.2013,15,30,22.5
0.13333333,34.4,23,1800,Annual.agriculture,NP,Rhodic Kandiudox,Oxisols,USDA system,High,5.869489978,2.546296296,15.79355842,67.43921139,67.24709398,1.134970214,,,460.2811641,5.35,1.73,,21.5,20.7,57.8,clay,3.0506,15,30,22.5
0.13333333,34.4,23,1800,Annual.agriculture,N,Rhodic Kandiudox,Oxisols,USDA system,High,0.666712488,0.242248062,14.29539434,26.7560241,80.63847407,1.093141562,,,390.0594082,5.04,1.73,,21.5,20.7,57.8,clay,2.8343,15,30,22.5
42.22944444,-7.35888889,9.3,1219,Perennial.woody,none,humic cambisols,Cambisols,FAO,Low,5,5,23,31,63,7,,,531,4.55,9.84,0.6,,,,,5.32,0,5,2.5
42.22944444,-7.35888889,9.3,1219,Perennial.woody,none,humic cambisols,Cambisols,FAO,Low,5,4,27,32,71,6,,,523,4.25,11.34,0.72,,,,,5.5,5,10,7.5
42.22944444,-7.35888889,9.3,1219,Perennial.woody,none,humic cambisols,Cambisols,FAO,Low,33,81,4,190,0,13,,,600,4.9,8.69,0.72,,,,,1.14,0,5,2.5
42.22944444,-7.35888889,9.3,1219,Perennial.woody,none,humic cambisols,Cambisols,FAO,Low,7,16,13,55,32,5,,,544,3.8,9.37,0.69,,,,,1.1,5,10,7.5
42.31027778,-7.23444444,9.3,1138,Perennial.woody,none,humic cambisols,Cambisols,FAO,Low,12,9,47,33,164,6,,,747,4.19,15.82,0.87,,,,,6.84,0,5,2.5
42.31027778,-7.23444444,9.3,1138,Perennial.woody,none,humic cambisols,Cambisols,FAO,Low,9,11,50,43,157,4,,,700,4.25,11.1,0.63,,,,,3.86,5,10,7.5
42.31027778,-7.23444444,9.3,1138,Perennial.woody,none,humic cambisols,Cambisols,FAO,Low,96,38,23,161,98,2,,,666,4.74,7.44,0.39,,,,,0.4,0,5,2.5
42.31027778,-7.23444444,9.3,1138,Perennial.woody,none,humic cambisols,Cambisols,FAO,Low,16,12,22,24,75,6,,,503,5.58,5.11,0.24,,,,,1.66,5,10,7.5
42.91638889,-8.56638889,13.6,1296,Perennial.mixed,none,humic cambisols,Cambisols,FAO,Low,6,9,18,74,7,4,,,570,4.39,8.83,0.78,,,,,7.62,0,5,2.5
42.91638889,-8.56638889,13.6,1296,Perennial.mixed,none,humic cambisols,Cambisols,FAO,Low,3,5,9,49,85,4,,,542,4.42,7.94,0.65,,,,,3.64,5,10,7.5
42.91638889,-8.56638889,13.6,1296,Perennial.mixed,none,humic cambisols,Cambisols,FAO,Low,10,50,2,260,29,22,,,652,5.47,6.27,0.57,,,,,0.7,0,5,2.5
42.91638889,-8.56638889,13.6,1296,Perennial.mixed,none,humic cambisols,Cambisols,FAO,Low,4,17,3,92,33,8,,,458,5.04,7.7,0.54,,,,,0.62,5,10,7.5
42.91638889,-8.56638889,13.6,1296,Perennial.mixed,none,humic cambisols,Cambisols,FAO,Low,5,13,17,86,59,5,,,553,4.42,8.1,0.68,,,,,3.68,0,5,2.5
42.91638889,-8.56638889,13.6,1296,Perennial.mixed,none,humic cambisols,Cambisols,FAO,Low,3,5,17,40,70,5,,,497,4.42,7.73,0.59,,,,,2.04,5,10,7.5
42.91638889,-8.56638889,13.6,1296,Perennial.mixed,none,humic cambisols,Cambisols,FAO,Low,7,12,22,69,73,13,,,554,4.66,10.12,0.63,,,,,3.66,0,5,2.5
42.91638889,-8.56638889,13.6,1296,Perennial.mixed,none,humic cambisols,Cambisols,FAO,Low,4,7,16,43,68,6,,,537,4.69,8.94,0.53,,,,,3.26,5,10,7.5
21.45944444,101.5641667,22,1480,Perennial.woody,NP,Oxisol,Oxisols,USDA system,High,4.4,21.4,17,7.9,8.4,4.4,193,,,6.297366667,1.452,0.171,34.4,35.5,30,clay loam,0.633549038,0,5,2.5
21.45944444,101.5641667,22,1480,Perennial.woody,NP,Oxisol,Oxisols,USDA system,High,12.1,15,12.8,7,7,3.5,155.8,,,6.1975,1.509,0.166,38.3,31.9,29.8,clay loam,0.638544611,0,5,2.5
21.45944444,101.5641667,22,1480,Perennial.woody,NP,Oxisol,Oxisols,USDA system,High,2.9,13.5,9.7,6.6,5.3,2.6,132.2,,,5.3245,1.552,0.166,40.2,31.1,28.7,clay loam,0.689231396,0,5,2.5
21.45944444,101.5641667,22,1480,Perennial.woody,NP,Oxisol,Oxisols,USDA system,High,2.7,14.2,10.1,6.9,5,2.7,124.3,,,5.636533333,1.464,0.167,37.3,30.4,32.3,clay loam,0.709305069,0,5,2.5
21.45944444,101.5641667,22,1480,Perennial.woody,NP,Oxisol,Oxisols,USDA system,High,2.5,19.2,17.7,6.4,7.9,3.5,165,,,6.207033333,0.915,0.119,29.5,34.7,35.7,clay loam,0.601107923,5,30,17.5
21.45944444,101.5641667,22,1480,Perennial.woody,NP,Oxisol,Oxisols,USDA system,High,7,12.3,8.9,7,7.5,3,146.3,,,6.243733333,0.995,0.123,35.5,32.2,32.3,clay loam,0.58143095,5,30,17.5
21.45944444,101.5641667,22,1480,Perennial.woody,NP,Oxisol,Oxisols,USDA system,High,1.6,12.6,11.3,6.2,5.5,2.9,123.2,,,5.1527,1.092,0.127,33.7,28.4,37.9,clay loam,0.633488825,5,30,17.5
21.45944444,101.5641667,22,1480,Perennial.woody,NP,Oxisol,Oxisols,USDA system,High,1.3,11.7,14.2,8.4,4.6,2.6,119,,,5.475766667,1.029,0.129,28.4,31.4,40.1,clay,0.634372189,5,30,17.5
21.45944444,101.5641667,22,1480,Perennial.woody,NP,Oxisol,Oxisols,USDA system,High,1.3,12.6,9.9,6.6,5,2.5,109.5,,,6.096933333,0.669,0.096,24,33,43,clay,0.589228917,30,60,45
21.45944444,101.5641667,22,1480,Perennial.woody,NP,Oxisol,Oxisols,USDA system,High,4.2,11.2,9.4,6.3,4.6,2.9,120.9,,,6.3363,0.606,0.091,32.1,31.7,36.2,clay loam,0.574121064,30,60,45
21.45944444,101.5641667,22,1480,Perennial.woody,NP,Oxisol,Oxisols,USDA system,High,0.9,10.5,9.1,5.7,5.3,2.7,105.7,,,5.276,0.644,0.098,27.9,29.2,43,clay,0.562211242,30,60,45
21.45944444,101.5641667,22,1480,Perennial.woody,NP,Oxisol,Oxisols,USDA system,High,0.5,10.8,8.4,8.5,4.5,2.3,113.8,,,5.3392,0.71,0.103,20.9,30.3,48.7,clay,0.606505508,30,60,45
38.54305556,-121.8744444,16.2,530,Annual.agriculture,NP,"fine-silty, mixed nonacid, thermic Typic Xerothents and fine, montmorillonitic, thermic Mollic Haploxeralfs",Alfisols,USDA system,Intermediate,103.7684476,25.39931268,5.028090711,61.51647262,38.03389163,304.9689143,317.648624,,,6.85,,,,,,silty clay loam,0.420974756,,,
38.54305556,-121.8744444,16.2,530,Annual.agriculture,NP,"fine-silty, mixed nonacid, thermic Typic Xerothents and fine, montmorillonitic, thermic Mollic Haploxeralfs",Alfisols,USDA system,Intermediate,118.8339014,27.16115973,4.442254906,62.17099278,36.7416186,340.8835943,297.0568174,,,6.766666667,,,,,,silty clay loam,0.387049752,,,
38.54305556,-121.8744444,16.2,530,Annual.agriculture,NP,"fine-silty, mixed nonacid, thermic Typic Xerothents and fine, montmorillonitic, thermic Mollic Haploxeralfs",Alfisols,USDA system,Intermediate,121.0317921,28.28979187,4.805498461,65.02488372,38.31969307,307.3148476,286.6913092,,,6.65,,,,,,silty clay loam,0.472930971,,,
38.54305556,-121.8744444,16.2,530,Annual.agriculture,NP,"fine-silty, mixed nonacid, thermic Typic Xerothents and fine, montmorillonitic, thermic Mollic Haploxeralfs",Alfisols,USDA system,Intermediate,34.75726634,13.60066993,4.7980899,41.73932755,44.70076606,196.8975859,276.4379755,,,6.3,,,,,,silty clay loam,0.401078852,,,
38.54305556,-121.8744444,16.2,530,Annual.agriculture,NP,"fine-silty, mixed nonacid, thermic Typic Xerothents and fine, montmorillonitic, thermic Mollic Haploxeralfs",Alfisols,USDA system,Intermediate,21.07607259,8.215331679,4.136823454,28.32107439,37.44077243,176.5722178,245.262033,,,6.6,,,,,,silty clay loam,0.462050935,,,
38.54305556,-121.8744444,16.2,530,Annual.agriculture,NP,"fine-silty, mixed nonacid, thermic Typic Xerothents and fine, montmorillonitic, thermic Mollic Haploxeralfs",Alfisols,USDA system,Intermediate,24.90428305,9.26654059,4.16829894,29.61352441,38.24781209,189.9194755,261.3692344,,,6.4,,,,,,silty clay loam,0.409304088,,,
38.54305556,-121.8744444,16.2,530,Annual.agriculture,none,"fine-silty, mixed nonacid, thermic Typic Xerothents and fine, montmorillonitic, thermic Mollic Haploxeralfs",Alfisols,USDA system,Intermediate,27.649798,11.77244736,3.697115133,37.91161101,34.91100083,173.8358624,269.7113199,,,5.75,,,,,,silty clay loam,0.549416674,,,
38.54305556,-121.8744444,16.2,530,Annual.agriculture,none,"fine-silty, mixed nonacid, thermic Typic Xerothents and fine, montmorillonitic, thermic Mollic Haploxeralfs",Alfisols,USDA system,Intermediate,25.41323499,11.09044907,3.727765523,37.85616642,33.53155339,177.8367361,248.569056,,,5.866666667,,,,,,silty clay loam,0.581516132,,,
38.54305556,-121.8744444,16.2,530,Annual.agriculture,none,"fine-silty, mixed nonacid, thermic Typic Xerothents and fine, montmorillonitic, thermic Mollic Haploxeralfs",Alfisols,USDA system,Intermediate,32.47898076,13.79167737,4.403636055,46.36689779,41.67708628,178.325826,239.9458051,,,5.666666667,,,,,,silty clay loam,0.573783987,,,
38.54305556,-121.8744444,16.2,530,Annual.agriculture,NP,"fine-silty, mixed nonacid, thermic Typic Xerothents and fine, montmorillonitic, thermic Mollic Haploxeralfs",Alfisols,USDA system,Intermediate,106.0196816,25.67030932,4.483118381,58.50376126,32.29704467,281.5117134,271.2127005,,,6.266666667,,,,,,silty clay loam,0.286100193,,,
38.54305556,-121.8744444,16.2,530,Annual.agriculture,NP,"fine-silty, mixed nonacid, thermic Typic Xerothents and fine, montmorillonitic, thermic Mollic Haploxeralfs",Alfisols,USDA system,Intermediate,117.634743,27.36609167,5.214982603,63.93334109,37.68366255,267.2236223,300.7166964,,,6.35,,,,,,silty clay loam,0.273905511,,,
38.54305556,-121.8744444,16.2,530,Annual.agriculture,NP,"fine-silty, mixed nonacid, thermic Typic Xerothents and fine, montmorillonitic, thermic Mollic Haploxeralfs",Alfisols,USDA system,Intermediate,112.8907001,26.36592983,4.794683481,63.98494506,37.74819207,280.5680291,297.8375603,,,6.4,,,,,,silty clay loam,0.307215044,,,
38.54305556,-121.8744444,16.2,530,Annual.agriculture,NP,"fine-silty, mixed nonacid, thermic Typic Xerothents and fine, montmorillonitic, thermic Mollic Haploxeralfs",Alfisols,USDA system,Intermediate,30.99225929,10.94979359,4.049334735,36.64896388,36.56102477,175.6237559,272.7514855,,,6.333333333,,,,,,silty clay loam,0.289268371,,,
38.54305556,-121.8744444,16.2,530,Annual.agriculture,NP,"fine-silty, mixed nonacid, thermic Typic Xerothents and fine, montmorillonitic, thermic Mollic Haploxeralfs",Alfisols,USDA system,Intermediate,33.74054696,12.02623866,3.843983184,40.16450694,36.06172088,188.0525867,249.7345481,,,6.733333333,,,,,,silty clay loam,0.32451885,,,
38.54305556,-121.8744444,16.2,530,Annual.agriculture,NP,"fine-silty, mixed nonacid, thermic Typic Xerothents and fine, montmorillonitic, thermic Mollic Haploxeralfs",Alfisols,USDA system,Intermediate,34.90119362,12.14059305,4.129168156,40.20073283,38.60272441,184.7575855,266.8927599,,,6.85,,,,,,silty clay loam,0.341256747,,,
38.54305556,-121.8744444,16.2,530,Annual.agriculture,none,"fine-silty, mixed nonacid, thermic Typic Xerothents and fine, montmorillonitic, thermic Mollic Haploxeralfs",Alfisols,USDA system,Intermediate,32.83551879,12.33112329,4.292167962,41.16426032,34.64871717,174.4097072,266.1424038,,,5.566666667,,,,,,silty clay loam,0.517064125,,,
38.54305556,-121.8744444,16.2,530,Annual.agriculture,none,"fine-silty, mixed nonacid, thermic Typic Xerothents and fine, montmorillonitic, thermic Mollic Haploxeralfs",Alfisols,USDA system,Intermediate,24.89993682,9.591393611,3.691431808,34.27602838,34.85893429,176.2056717,249.5439537,,,5.65,,,,,,silty clay loam,0.550856049,,,
38.54305556,-121.8744444,16.2,530,Annual.agriculture,none,"fine-silty, mixed nonacid, thermic Typic Xerothents and fine, montmorillonitic, thermic Mollic Haploxeralfs",Alfisols,USDA system,Intermediate,27.29349405,11.48542047,3.580115028,38.36126151,39.48538799,190.1342101,247.3526419,,,6,,,,,,silty clay loam,0.572946688,,,
38.54305556,-121.8744444,16.2,530,Annual.agriculture,NP,"fine-silty, mixed nonacid, thermic Typic Xerothents and fine, montmorillonitic, thermic Mollic Haploxeralfs",Alfisols,USDA system,Intermediate,87.69066904,24.66760779,2.393780897,62.50381517,35.59229822,255.8727776,308.2736894,,,6.55,1.426595472,0.156498329,,,,silty clay loam,0.369954133,,,
38.54305556,-121.8744444,16.2,530,Annual.agriculture,NP,"fine-silty, mixed nonacid, thermic Typic Xerothents and fine, montmorillonitic, thermic Mollic Haploxeralfs",Alfisols,USDA system,Intermediate,80.78097488,23.44156019,2.845242329,61.25418484,32.97060815,257.9104596,289.4426601,,,6.516666667,1.346159216,0.139172091,,,,silty clay loam,0.342259462,,,
38.54305556,-121.8744444,16.2,530,Annual.agriculture,NP,"fine-silty, mixed nonacid, thermic Typic Xerothents and fine, montmorillonitic, thermic Mollic Haploxeralfs",Alfisols,USDA system,Intermediate,87.95478025,27.28409351,2.319763958,62.96907402,34.2160113,305.4061451,288.2095457,,,6.633333333,1.358096402,0.151320273,,,,silty clay loam,0.33175293,,,
38.54305556,-121.8744444,16.2,530,Annual.agriculture,NP,"fine-silty, mixed nonacid, thermic Typic Xerothents and fine, montmorillonitic, thermic Mollic Haploxeralfs",Alfisols,USDA system,Intermediate,13.79999451,6.22897091,0.607290671,24.28384171,24.72008456,190.0230892,258.8521588,,,6.883333333,1.092217494,0.111072417,,,,silty clay loam,0.241840334,,,
38.54305556,-121.8744444,16.2,530,Annual.agriculture,NP,"fine-silty, mixed nonacid, thermic Typic Xerothents and fine, montmorillonitic, thermic Mollic Haploxeralfs",Alfisols,USDA system,Intermediate,12.84109529,5.957503819,0.814934375,24.6148908,29.46220934,173.6704515,243.4721855,,,7.333333333,1.121380492,0.113256845,,,,silty clay loam,0.382860708,,,
38.54305556,-121.8744444,16.2,530,Annual.agriculture,NP,"fine-silty, mixed nonacid, thermic Typic Xerothents and fine, montmorillonitic, thermic Mollic Haploxeralfs",Alfisols,USDA system,Intermediate,24.20109758,10.99071231,1.401652465,39.50384538,32.5240477,196.6994926,280.5049533,,,7.133333333,1.22612586,0.127744961,,,,silty clay loam,0.333083772,,,
38.54305556,-121.8744444,16.2,530,Annual.agriculture,none,"fine-silty, mixed nonacid, thermic Typic Xerothents and fine, montmorillonitic, thermic Mollic Haploxeralfs",Alfisols,USDA system,Intermediate,18.71503544,9.331403432,2.370429285,35.28976193,42.71835232,175.8801416,274.0171096,,,5.85,1.253948499,0.12915828,,,,silty clay loam,0.480083242,,,
38.54305556,-121.8744444,16.2,530,Annual.agriculture,none,"fine-silty, mixed nonacid, thermic Typic Xerothents and fine, montmorillonitic, thermic Mollic Haploxeralfs",Alfisols,USDA system,Intermediate,18.29383428,10.11602753,1.94600795,36.55425705,42.51349286,186.0311384,250.5356022,,,5.683333333,1.196047959,0.113656825,,,,silty clay loam,0.514329749,,,
38.54305556,-121.8744444,16.2,530,Annual.agriculture,none,"fine-silty, mixed nonacid, thermic Typic Xerothents and fine, montmorillonitic, thermic Mollic Haploxeralfs",Alfisols,USDA system,Intermediate,20.61693956,11.41625723,2.010225327,43.64322241,49.80561287,190.2365216,245.0373406,,,5.783333333,1.210783961,0.118195597,,,,silty clay loam,0.564652713,,,
0.129444,34.40527,22.5,1800,Annual.agriculture,NP,Typic Rhodiudox,Oxisols,USDA system,High,6.98381617,17.8,8.008737154,204.6769885,100.1745741,11.39782985,,,819.3351064,5.31,1.884292319,,16.7,15.1,66.3,clay,4.149721487,0,15,7.5
0.129444,34.40527,22.5,1800,Annual.agriculture,NP,Typic Rhodiudox,Oxisols,USDA system,High,1.794039006,7.28,9.411020177,126.381362,157.1252838,5.023415816,,,638.0943786,5.43,1.891112922,,16.7,15.1,66.3,clay,3.889550864,0,15,7.5
0.129444,34.40527,22.5,1800,Annual.agriculture,NP,Typic Rhodiudox,Oxisols,USDA system,High,9.986897191,17.09,6.161184587,226.9326207,83.33074249,13.75824152,,,862.2913747,5.51,1.958382118,,16.7,15.1,66.3,clay,4.930233377,0,15,7.5
0.129444,34.40527,22.5,1800,Annual.agriculture,NP,Typic Rhodiudox,Oxisols,USDA system,High,6.254917456,14.05666667,7.860313973,185.9969904,113.5435334,10.05982906,,,773.2402866,5.41,1.944843039,,16.7,15.1,66.3,clay,4.323168576,0,15,7.5
0.129444,34.40527,22.5,1800,Annual.agriculture,NP,Typic Rhodiudox,Oxisols,USDA system,High,4.341922445,14.3,9.077444152,181.5635966,101.5715844,8.952444614,,,770.600131,5.34,1.914570288,,16.7,15.1,66.3,clay,5.271707315,0,15,7.5
0.129444,34.40527,22.5,1800,Annual.agriculture,NP,Typic Rhodiudox,Oxisols,USDA system,High,13.52785146,25.92,2.384442037,228.7701318,67.45690235,9.024064171,,,871.9976599,5.62,2.003246597,,16.7,15.1,66.3,clay,5.044058023,0,15,7.5
0.129444,34.40527,22.5,1800,Annual.agriculture,NP,Typic Rhodiudox,Oxisols,USDA system,High,5.647172583,10.68,14.81390736,179.5526532,103.8936142,9.321004751,,,682.6241135,5.35,1.97228187,,16.7,15.1,66.3,clay,3.548076927,0,15,7.5
0.129444,34.40527,22.5,1800,Annual.agriculture,NP,Typic Rhodiudox,Oxisols,USDA system,High,0.90062924,2.62,10.59580621,84.84901601,172.0730941,4.371146666,,,580.3245218,5.52,1.718688056,,16.7,15.1,66.3,clay,5.125361338,0,15,7.5
0.129444,34.40527,22.5,1800,Annual.agriculture,NP,Typic Rhodiudox,Oxisols,USDA system,High,9.680248868,18.34,10.70909404,217.638318,83.53431346,12.94415031,,,890.2126942,5.12,2.341860396,,16.7,15.1,66.3,clay,4.426152786,0,15,7.5
0.129444,34.40527,22.5,1800,Annual.agriculture,NP,Typic Rhodiudox,Oxisols,USDA system,High,8.239489191,21.09,3.643847581,229.9878038,50.09507506,11.34095445,,,846.7822169,5.29,1.933536396,,16.7,15.1,66.3,clay,3.125299651,0,15,7.5
0.129444,34.40527,22.5,1800,Annual.agriculture,NP,Typic Rhodiudox,Oxisols,USDA system,High,12.44603426,32.84,2.664448277,273.9789264,21.32924446,13.60795289,,,936.6339061,5.39,1.753100314,,16.7,15.1,66.3,clay,4.035896841,0,15,7.5
0.129444,34.40527,22.5,1800,Annual.agriculture,NP,Typic Rhodiudox,Oxisols,USDA system,High,6.317115171,15.08,8.401459476,197.7139714,94.47392233,9.770678799,,,799.1198454,5.3,2.033796441,,16.7,15.1,66.3,clay,6.117261866,0,15,7.5
0.129444,34.40527,22.5,1800,Annual.agriculture,NP,Typic Rhodiudox,Oxisols,USDA system,High,8.782524946,17.66,4.373912879,93.23633601,130.9435192,8.620872591,,,697.3845723,5.23,1.674171841,,16.7,15.1,66.3,clay,7.363918203,0,15,7.5
0.129444,34.40527,22.5,1800,Annual.agriculture,NP,Typic Rhodiudox,Oxisols,USDA system,High,9.847480106,24.29,4.014442037,229.3801855,88.33634998,12.70053476,,,841.2341983,5.39,1.830671791,,16.7,15.1,66.3,clay,5.922133882,0,15,7.5
0.129444,34.40527,22.5,1800,Annual.agriculture,NP,Typic Rhodiudox,Oxisols,USDA system,High,10.27618665,26.85,3.712978209,219.9742223,67.27203087,9.721678404,,,806.1757067,5.35,1.9193602,,16.7,15.1,66.3,clay,4.946494031,0,15,7.5
0.129444,34.40527,22.5,1800,Annual.agriculture,NP,Typic Rhodiudox,Oxisols,USDA system,High,13.24941597,19.87,5.573223648,228.9217356,58.52680155,10.63139877,,,716.0344581,5.32,1.818418886,,16.7,15.1,66.3,clay,4.052157518,0,15,7.5
0.129444,34.40527,22.5,1800,Annual.agriculture,NP,Typic Rhodiudox,Oxisols,USDA system,High,0.297812862,1.81,10.48934497,63.16673632,151.4303163,3.002017356,,,484.7830638,5.47,1.782290161,,16.7,15.1,66.3,clay,3.141560328,15,30,22.5
0.129444,34.40527,22.5,1800,Annual.agriculture,NP,Typic Rhodiudox,Oxisols,USDA system,High,0.199938685,0.12,9.952028615,30.34940442,189.8790344,1.343616478,,,429.6661049,5.42,1.90524396,,16.7,15.1,66.3,clay,2.393569768,15,30,22.5
0.129444,34.40527,22.5,1800,Annual.agriculture,NP,Typic Rhodiudox,Oxisols,USDA system,High,0.690760389,2.88,9.883547095,95.47219124,152.0229135,5.305152364,,,517.0141128,5.64,1.749048883,,16.7,15.1,66.3,clay,3.515555596,15,30,22.5
0.129444,34.40527,22.5,1800,Annual.agriculture,NP,Typic Rhodiudox,Oxisols,USDA system,High,0.399877371,2.92,8.791640227,63.15128596,164.2889128,3.216928733,,,507.6689738,5.67,1.75022973,,16.7,15.1,66.3,clay,3.043996336,15,30,22.5
0.129444,34.40527,22.5,1800,Annual.agriculture,NP,Typic Rhodiudox,Oxisols,USDA system,High,0.394720222,1.56,12.14401899,59.7646839,204.3299084,3.315720227,,,535.7607141,5.46,1.866247612,,16.7,15.1,66.3,clay,3.385470273,15,30,22.5
0.129444,34.40527,22.5,1800,Annual.agriculture,NP,Typic Rhodiudox,Oxisols,USDA system,High,0.398675335,1.46,8.988850029,62.65581431,213.2897777,2.344260714,,,499.6061852,5.52,1.917403911,,16.7,15.1,66.3,clay,3.011475005,15,30,22.5
0.129444,34.40527,22.5,1800,Annual.agriculture,NP,Typic Rhodiudox,Oxisols,USDA system,High,0.298110378,0.3,9.576364156,53.63109316,171.5046635,3.338907082,,,425.1135749,5.41,1.755066298,,16.7,15.1,66.3,clay,3.84076888,15,30,22.5
0.129444,34.40527,22.5,1800,Annual.agriculture,NP,Typic Rhodiudox,Oxisols,USDA system,High,0,1.03,7.501960997,51.54953636,184.3100437,2.005347594,,,437.4624657,5.47,1.690087687,,16.7,15.1,66.3,clay,3.515555596,15,30,22.5
0.129444,34.40527,22.5,1800,Annual.agriculture,NP,Typic Rhodiudox,Oxisols,USDA system,High,0.397083816,1.51,12.95186716,69.86393246,176.1663168,4.002689808,,,543.3454437,5.23,2.067563403,,16.7,15.1,66.3,clay,3.56433758,15,30,22.5
0.129444,34.40527,22.5,1800,Annual.agriculture,NP,Typic Rhodiudox,Oxisols,USDA system,High,0.990732032,5.13,9.168170266,100.7135441,161.0020607,4.327609349,,,596.2104211,5.51,1.755789342,,16.7,15.1,66.3,clay,3.613119588,15,30,22.5
0.129444,34.40527,22.5,1800,Annual.agriculture,NP,Typic Rhodiudox,Oxisols,USDA system,High,0.199938685,1.03,11.90030701,60.69880883,192.9974942,2.015424717,,,454.3973767,5.34,1.515005143,,16.7,15.1,66.3,clay,2.718783052,15,30,22.5
0.129444,34.40527,22.5,1800,Annual.agriculture,NP,Typic Rhodiudox,Oxisols,USDA system,High,0.19834396,0.12,11.08689935,44.40071683,180.1225637,5.331598787,,,480.106947,5.46,1.787386478,,16.7,15.1,66.3,clay,3.645640919,15,30,22.5
0.129444,34.40527,22.5,1800,Annual.agriculture,NP,Typic Rhodiudox,Oxisols,USDA system,High,1.285391102,6.56,8.921326559,162.348116,122.902686,8.305780292,,,489.1488535,5.35,1.513673459,,16.7,15.1,66.3,clay,5.011536692,15,30,22.5
0.129444,34.40527,22.5,1800,Annual.agriculture,NP,Typic Rhodiudox,Oxisols,USDA system,High,0.598612815,4.19,8.171026742,83.98181367,169.3701056,3.352302898,,,505.1925025,5.41,1.542737153,,16.7,15.1,66.3,clay,3.304166958,15,30,22.5
0.129444,34.40527,22.5,1800,Annual.agriculture,NP,Typic Rhodiudox,Oxisols,USDA system,High,0.299006501,1.64,10.03014419,55.16768041,199.4097159,2.344260714,,,465.9239796,5.49,1.6792911,,16.7,15.1,66.3,clay,3.466773611,15,30,22.5
0.129444,34.40527,22.5,1800,Annual.agriculture,NP,Typic Rhodiudox,Oxisols,USDA system,High,0.099668834,0,8.549059115,39.58013636,188.8623128,2.344260714,,,448.2367003,5.29,1.690229849,,16.7,15.1,66.3,clay,2.96269302,15,30,22.5
21.024,-89.593,25.6,1204,Perennial.woody,none,Lithic haplustolls and Lithic ustorthents,Mollisols,USDA system,Intermediate,0.6,0.45,7.7,21.5,110.65,3.15,,,,6.89,3.860856144,0.452908551,16.49097883,23.3184768,60.19054436,clay,0.002318466,0,10,5
21.024,-89.593,25.6,1204,Perennial.woody,none,,Mollisols,USDA system,Intermediate,1.55,6.55,6.8,33.9,126.05,4.3,,,,6.43,5.37210467,0.57561753,24.55572047,24.45611533,50.98816418,clay,0.221895446,0,10,5
21.024,-89.593,25.6,1204,Perennial.woody,none,,Mollisols,USDA system,Intermediate,0.6,2.95,11.55,27.2,124.8,6.1,,,,6.47,4.878196154,0.491924622,19.72696108,24.47248151,55.80055741,clay,0.007289231,0,10,5
21.024,-89.593,25.6,1204,Perennial.woody,none,,Mollisols,USDA system,Intermediate,0.55,1.4,11.75,23.35,153.45,3.6,,,,6.66,4.084477552,0.463286034,20.84855555,19.93875968,58.64938675,clay,0.206818388,0,10,5
21.024,-89.593,25.6,1204,Perennial.woody,none,,Mollisols,USDA system,Intermediate,1.05,2.75,10.2,29.9,200.25,4.9,,,,6.45,5.949910521,0.522681319,17.85713568,19.03130522,63.0754762,clay,0.491597973,0,10,5
21.024,-89.593,25.6,1204,Perennial.woody,none,,Mollisols,USDA system,Intermediate,1.05,0.25,11.65,21.65,65.45,2.05,,,,6.14,4.278521491,0.363806052,18.82975475,24.71554285,56.17062268,clay,0.350690773,0,10,5
21.024,-89.593,25.6,1204,Perennial.woody,none,,Mollisols,USDA system,Intermediate,0.9,0.15,11.1,25.6,52.25,2.15,,,,6.29,3.824960798,0.32971549,23.62021652,24.45833236,51.40106072,clay,0.485672235,0,10,5
21.024,-89.593,25.6,1204,Perennial.woody,none,,Mollisols,USDA system,Intermediate,0.65,0.65,8.7,21.15,59.65,1.55,,,,6.12,6.026913971,0.320893471,23.69752222,24.06653347,50.74740574,clay,0.22798358,0,10,5
21.024,-89.593,25.6,1204,Perennial.woody,none,,Mollisols,USDA system,Intermediate,1.2,0.7,10.2,26.95,74.5,2.6,,,,5.93,4.708436516,0.407586612,26.3726091,23.00369786,49.69921628,clay,0.443755528,0,10,5
21.024,-89.593,25.6,1204,Perennial.woody,none,,Mollisols,USDA system,Intermediate,0.65,0.4,9.65,24,66.6,1.95,,,,6.35,3.15218407,0.398241758,16.96519743,25.98545185,56.77196873,clay,0.392238533,0,10,5
21.024,-89.593,25.6,1204,Perennial.woody,none,,Mollisols,USDA system,Intermediate,1.5,0.25,11.4,26.45,76.3,4.15,,,,5.92,4.966492887,0.455072207,31.92718788,24.18394239,42.25993339,clay,0.400686249,0,10,5
21.024,-89.593,25.6,1204,Perennial.woody,none,,Mollisols,USDA system,Intermediate,1.05,0.8,9.05,29.1,86.5,4.7,,,,5.56,5.308751827,0.576766467,20.79193376,30.26182138,48.94624486,clay,0.49155732,0,10,5
21.024,-89.593,25.6,1204,Perennial.woody,none,,Mollisols,USDA system,Intermediate,1.2,0.45,6.2,28.3,90.95,3.05,,,,5.76,6.856381244,0.536933002,25.53151612,29.05198326,44.39039292,clay,0.008468736,0,10,5
21.024,-89.593,25.6,1204,Perennial.woody,none,,Mollisols,USDA system,Intermediate,0.85,0.4,8.1,17.45,74.45,1.95,,,,5.4,4.619648642,0.409134615,15.7032331,31.14514551,53.1516214,clay,0.207109259,0,10,5
21.024,-89.593,25.6,1204,Perennial.woody,none,,Mollisols,USDA system,Intermediate,0.9,0.45,6.8,26.8,82.35,3.25,,,,5.92,4.579538943,0.462857143,23.90843106,28.23740023,47.41189878,clay,0.104617128,0,10,5
21.024,-89.593,25.6,1204,Perennial.woody,none,,Mollisols,USDA system,Intermediate,1.55,1.2,6.45,31.9,82.45,2.95,,,,6.39,5.794878124,0.545088757,,,,,0.227948058,0,10,5
21.024,-89.593,25.6,1204,Perennial.woody,none,,Mollisols,USDA system,Intermediate,1,0.25,9.6,25.65,73.7,3.2,,,,6.65,6.821491394,0.721649485,38.5804896,23.17969959,37.25897121,clay loam,0.114448846,0,10,5
21.024,-89.593,25.6,1204,Perennial.woody,none,,Mollisols,USDA system,Intermediate,1.2,0.15,8.4,28.55,77.15,2.7,,,,6.12,3.682616731,0.410785091,23.2926885,23.34979681,52.79151079,clay,0.47389655,0,10,5
21.024,-89.593,25.6,1204,Perennial.woody,none,,Mollisols,USDA system,Intermediate,1.45,1.7,4.4,32.2,66.25,2.5,,,,6.57,3.899219921,0.41721267,26.37354738,23.62067846,49.14967051,clay,0.290053981,0,10,5
21.024,-89.593,25.6,1204,Perennial.woody,none,,Mollisols,USDA system,Intermediate,0.9,1.35,6.7,21.95,57.6,3.1,,,,6.85,3.839938172,0.429392971,31.32164329,20.88724269,45.9031409,clay,0.19609019,0,10,5
10.718,-85.594,25.7,1760,Perennial.woody,none,,,,,2.35,2.75,14.9,22.75,87.35,8.7,,,,5.95,2.537922966,0.25457265,,,,,0.012072112,0,10,5
10.718,-85.594,25.7,1760,Perennial.woody,none,,,,,3.4,3.55,14.25,31.95,80.45,12.15,,,,5.88,2.672723472,0.233449132,17.22824269,26.38778118,56.2813842,clay,0.10691161,0,10,5
10.718,-85.594,25.7,1760,Perennial.woody,none,,,,,0.85,1.95,13.6,32,77.3,14.65,,,,5.91,2.615777995,0.189040341,16.77018958,24.07833249,58.81493506,clay,0.04886869,0,10,5
10.718,-85.594,25.7,1760,Perennial.woody,none,,,,,4.1,4.45,10.65,20.1,63.1,40.15,,,,5.64,3.581017519,0.232435897,18.73022108,25.06872837,55.80971213,clay,0.090640917,0,10,5
10.718,-85.594,25.7,1760,Perennial.woody,none,,,,,2.1,1.7,13.95,19.55,58.4,12.2,,,,5.66,2.487194933,0.221971301,16.94426312,23.76376242,59.02008437,clay,0.085959701,0,10,5
10.718,-85.594,25.7,1760,Perennial.woody,none,,,,,1.1,0.65,11.6,11.4,103.95,3.7,,,,6.07,3.402057949,0.254702467,23.6962586,31.6977571,44.0202864,clay,0.420739531,0,10,5
10.718,-85.594,25.7,1760,Perennial.woody,none,,,,,1,1,11.2,12.05,108.95,4.55,,,,5.96,2.712335602,0.234735577,22.33982812,30.87125562,46.4128176,clay,0.037576497,0,10,5
10.718,-85.594,25.7,1760,Perennial.woody,none,,,,,1.2,1.25,10.5,13.6,95.25,3.7,,,,6,2.525009673,0.266880481,23.85611847,33.3159134,42.71920471,clay,0.014511376,0,10,5
10.718,-85.594,25.7,1760,Perennial.woody,none,,,,,2.5,3.1,17.8,19.7,159.9,9.85,,,,6.25,3.053116272,0.344720621,21.80630995,34.06131475,44.12638483,clay,0.072471338,0,10,5
10.718,-85.594,25.7,1760,Perennial.woody,none,,,,,2.45,0.65,14.05,12.7,136.9,5,,,,5.87,4.014047923,0.255473218,21.29072476,32.38225766,46.32701758,clay,0.007334747,0,10,5
17.972,-66.869,25.9,850,Perennial.woody,none,,,,,2.15,3.6,28.25,8.6,133.95,66.7,,,,7.15,8.289258535,0.395811518,30.93510316,25.43499657,43.62990027,clay,0.192072204,0,10,5
17.972,-66.869,25.9,850,Perennial.woody,none,,,,,3.65,2.4,21.05,8.45,120.3,72.65,,,,7.22,7.399431445,0.464822134,30.33940753,25.70841005,42.64404653,clay,0.198853088,0,10,5
17.972,-66.869,25.9,850,Perennial.woody,none,,,,,4.4,10.15,27.05,11,129.45,71,,,,7.29,8.843167092,0.506643357,25.81191683,26.9606641,47.22741903,clay,0.141208393,0,10,5
17.972,-66.869,25.9,850,Perennial.woody,none,,,,,3.65,6.05,32.8,13.95,139.2,72.35,,,,7.4,8.901604714,0.440215924,19.16229847,34.46626253,46.371439,clay,0.091108788,0,10,5
17.972,-66.869,25.9,850,Perennial.woody,none,,,,,7.25,16.75,18.35,12.05,94.6,71.05,,,,7.39,6.89099472,0.387393162,24.95020246,31.0414447,44.00835284,clay,0.155282599,0,10,5
10.718,-85.594,25.7,1760,Perennial.woody,none,,,,,1.7,1.1,15.7,15.15,156.05,5.9,,,,6.19,3.813265306,0.321868132,14.99545014,28.58156083,56.42298903,clay,0.343806789,0,10,5
10.718,-85.594,25.7,1760,Perennial.woody,none,,,,,2,1.2,15.15,14.4,155.5,9.35,,,,6.06,3.924656536,0.321547565,18.30266128,31.01282512,50.66379624,clay,0.039913474,0,10,5
10.718,-85.594,25.7,1760,Perennial.woody,none,,,,,1.95,2.15,14.05,14.9,146.5,10.3,,,,6.45,3.945448936,0.354461538,19.60580672,29.65806324,51.09318974,clay,0.552167503,0,10,5
10.718,-85.594,25.7,1760,Perennial.woody,none,,,,,1.8,2.8,13.05,12.55,132.85,10.8,,,,6.65,3.990501944,0.323550769,19.60580672,29.65806324,51.09318974,clay,0.023623327,0,10,5
10.718,-85.594,25.7,1760,Perennial.woody,none,,,,,1.6,2.4,13.2,13.3,142.55,10.45,,,,6.14,3.371480157,0.326947115,19.04959789,28.65075846,51.86857716,clay,0.201716055,0,10,5
17.972,-66.869,25.9,850,Perennial.woody,none,,,,,11.6,2.5,45.35,11.3,104.85,67.7,,,,7.22,31.5673277,2.443636364,62.44998324,27.34064097,10.20937579,sandy loam,0.11859002,0,10,5
17.972,-66.869,25.9,850,Perennial.woody,none,,,,,17.45,0.3,69.65,11.8,163.2,65.6,,,,7.23,23.04069114,2.237415385,48.46454068,32.54663524,18.98882408,loam,0.092796869,0,10,5
17.972,-66.869,25.9,850,Perennial.woody,none,,,,,15.9,1.55,67.9,11.7,145.4,66.15,,,,7.11,26.82337843,2.827430148,37.2468461,41.54875831,21.2043956,loam,0.094603265,0,10,5
17.972,-66.869,25.9,850,Perennial.woody,none,,,,,5.95,0.35,60.7,13.65,115.3,64.1,,,,7.32,13.85910414,1.258595318,38.38311126,31.81144396,29.80544478,clay loam,0.143521788,0,10,5
17.972,-66.869,25.9,850,Perennial.woody,none,,,,,9,0.3,51.45,14.05,169.05,66.55,,,,7.23,15.09857942,1.635428294,38.05631208,26.68270497,35.11590218,clay loam,0.089569573,0,10,5
17.972,-66.869,25.9,850,Perennial.woody,none,,,,,1.45,0.25,19.85,3.05,89.3,77.55,,,,7.18,9.974841388,0.48125,28.69004598,51.6119681,19.69798592,silt loam,0.096467851,0,10,5
17.972,-66.869,25.9,850,Perennial.woody,none,,,,,1.95,0.5,25.45,2.85,77.75,77.1,,,,7.12,8.146199079,0.525887061,28.81007794,45.48930287,25.70061919,loam,0.412336935,0,10,5
17.972,-66.869,25.9,850,Perennial.woody,none,,,,,1.3,0.45,19.25,2.55,78.2,75.7,,,,7.15,8.27022201,0.457567084,29.73651883,45.21625496,25.0472262,loam,0.135232343,0,10,5
17.972,-66.869,25.9,850,Perennial.woody,none,,,,,1.6,0.05,25.3,2.85,79.05,74.2,,,,7.32,9.12922148,0.594755245,30.03606731,48.02264303,21.94128966,loam,0.002879319,0,10,5
17.972,-66.869,25.9,850,Perennial.woody,none,,,,,2.65,0.55,27.35,2.95,60.8,82.85,,,,7.33,7.010373973,0.496062992,27.67870133,46.65806203,25.66323664,loam,0.048242045,0,10,5
17.972,-66.869,25.9,850,Perennial.woody,none,,,,,3.5,0.5,34.3,16.5,132.55,28.9,,,,7.16,18.22681914,1.670769231,45.32572497,30.1597729,24.51450208,loam,0.139592396,0,10,5
17.972,-66.869,25.9,850,Perennial.woody,none,,,,,6.5,0.05,44.05,13,147.55,33.1,,,,7.1,20.0663067,1.395692308,46.97835091,28.90000923,22.52226019,loam,0.007843498,0,10,5
17.972,-66.869,25.9,850,Perennial.woody,none,,,,,10.5,2.1,51,11.8,111.4,57.6,,,,7.13,15.34351631,1.459020979,46.57604594,25.32388944,26.78524018,sandy clay loam,0.18254707,0,10,5
17.972,-66.869,25.9,850,Perennial.woody,none,,,,,2.75,0.9,48.7,7.5,67.35,118.75,,,,6.94,15.25840173,1.360066528,43.70649997,27.11773663,29.17576339,clay loam,0.07126839,0,10,5
10.718,-85.594,25.7,1760,Perennial.woody,none,,,,,5.4,3.35,11.35,21.8,82.6,29.55,,,,5.84,2.452868251,0.188569231,19.04719965,29.80585219,51.42071318,clay,0.557260892,0,10,5
10.718,-85.594,25.7,1760,Perennial.woody,none,,,,,6,2.5,19.3,20,165.95,36,,,,5.86,3.362684415,0.288777429,24.43349246,31.42941995,43.91358485,clay,0.541631443,0,10,5
10.718,-85.594,25.7,1760,Perennial.woody,none,,,,,3.85,2.15,16.65,23.35,183.5,32.7,,,,5.82,3.440537104,0.297352685,31.33160792,27.76142105,40.61644793,clay,0.459651118,0,10,5
10.718,-85.594,25.7,1760,Perennial.woody,none,,,,,4.5,4.3,15,32.45,196.7,33.75,,,,5.79,2.979442323,0.27728755,25.38169445,29.43490857,44.78370164,clay,0.624949652,0,10,5
10.718,-85.594,25.7,1760,Perennial.woody,none,,,,,4.2,4.1,13.95,30.35,229.4,28.3,,,,5.95,3.310179669,0.289230769,26.09600067,28.00193893,45.63838241,clay,0.490681598,0,10,5
5.2,-74.887,24.6,1833,Perennial.woody,none,,,,,19.1,14.65,7.5,28.85,81.25,122.65,,,,6.04,3.133628167,0.196923077,48.64582201,23.21771967,28.13645832,sandy clay loam,0.141618072,0,10,5
5.2,-74.887,24.6,1833,Perennial.woody,none,,,,,30.75,17.85,14.25,35,132.2,149.35,,,,6.82,3.208003586,0.252365747,59.90434614,19.4118126,20.68384126,sandy clay loam,0.288817397,0,10,5
5.2,-74.887,24.6,1833,Perennial.woody,none,,,,,17.65,12.9,9.8,24.25,120.85,179.85,,,,5.62,4.694246439,0.219272424,54.74178768,23.77067156,21.48754076,sandy clay loam,0.199865476,0,10,5
5.2,-74.887,24.6,1833,Perennial.woody,none,,,,,16.2,10.15,15.4,13,92.75,176.8,,,,6.63,3.291857294,0.393352049,52.82666537,21.84254287,25.33079176,sandy clay loam,0.091733457,0,10,5
5.2,-74.887,24.6,1833,Perennial.woody,none,,,,,20.1,12.7,8.3,18.55,74.5,171.95,,,,6.48,3.394283111,0.354414874,55.50784414,21.64070044,22.85145543,sandy clay loam,0.138742317,0,10,5
5.2,-74.887,24.6,1833,Perennial.woody,none,,,,,39.15,25.4,12.75,22.8,68.45,40,,,,5.25,3.822742306,0.3609375,54.4965569,22.56441293,22.85376116,sandy clay loam,0.174533387,0,10,5
5.2,-74.887,24.6,1833,Perennial.woody,none,,,,,34.05,18.05,16.35,17.2,79.35,36.4,,,,5.28,3.957416293,0.305994695,57.97045925,20.61488985,21.41465089,sandy clay loam,0.154552073,0,10,5
5.2,-74.887,24.6,1833,Perennial.woody,none,,,,,24.95,14.25,17.25,16.4,124.95,23.8,,,,6.18,4.158282337,0.253712607,58.26461698,20.29124035,21.44414266,sandy clay loam,0.176320308,0,10,5
5.2,-74.887,24.6,1833,Perennial.woody,none,,,,,21,13.6,13.4,19.75,177.05,15.2,,,,5.11,2.931273534,0.185507148,56.80499182,22.06180373,21.13320445,sandy clay loam,0.154898021,0,10,5
5.2,-74.887,24.6,1833,Perennial.woody,none,,,,,31.75,17.35,23.95,21.4,179.7,22.4,,,,5.4,2.609761969,0.262948718,55.96312008,21.66024463,22.1934138,sandy clay loam,0.246719136,0,10,5
5.2,-74.887,24.6,1833,Perennial.woody,none,,,,,28.5,27.9,9.45,24.15,146.65,138.9,,,,6.05,2.787205783,0.348388546,60.62659534,19.99254522,19.38085944,sandy loam,0.105192149,0,10,5
5.2,-74.887,24.6,1833,Perennial.woody,none,,,,,28.5,22.35,4.85,26.95,138.5,170,,,,5.97,2.699677921,0.230121457,60.0709539,20.44748668,19.48155942,sandy loam,0.004584332,0,10,5
5.2,-74.887,24.6,1833,Perennial.woody,none,,,,,29.05,26.1,6.55,14.4,93.75,181.85,,,,6.67,2.984877974,0.251403054,43.44951638,28.49408825,28.05639537,clay loam,0.093250951,0,10,5
5.2,-74.887,24.6,1833,Perennial.woody,none,,,,,29.4,15.15,19.9,15.2,78.5,171.7,,,,5.38,2.369920009,0.193214733,51.62946841,24.44432807,23.92620352,sandy clay loam,0.229951763,0,10,5
5.2,-74.887,24.6,1833,Perennial.woody,none,,,,,29.85,11.15,31.15,18.9,90.75,126.45,,,,5.85,3.790178066,0.317859829,54.79857087,22.04665005,23.15477908,sandy clay loam,0.102657038,0,10,5
5.2,-74.887,24.6,1833,Perennial.woody,none,,,,,30.7,14.6,12.35,9.7,62.6,202.7,,,,5.57,3.899410589,0.329115744,58.27501059,23.46152795,18.26346146,sandy loam,0.14298602,0,10,5
5.2,-74.887,24.6,1833,Perennial.woody,none,,,,,28.4,15.3,12.4,7.95,56.65,201.3,,,,5.62,3.025170074,0.328769909,56.70385518,24.36844647,18.73807235,sandy loam,0.088226665,0,10,5
5.2,-74.887,24.6,1833,Perennial.woody,none,,,,,28.95,21,10.15,19.75,64.3,194.5,,,,5.88,1.678419639,0.109268293,57.96674154,22.96614947,19.06710899,sandy loam,0.082269294,0,10,5
5.2,-74.887,24.6,1833,Perennial.woody,none,,,,,32.6,16.2,16.3,31.05,79.25,176.95,,,,6.3,2.855598787,0.306981394,53.77496014,24.92287621,21.24669204,sandy clay loam,0.038052934,0,10,5
5.2,-74.887,24.6,1833,Perennial.woody,none,,,,,22.05,12.15,12.75,23.6,88.95,151.7,,,,6.13,4.162308717,0.351947627,46.97973988,27.64692672,25.3733334,loam,0.026192205,0,10,5
40.52472222,-121.7395833,16.7,780,Perennial.woody,none,"fine-loamy, mixed, superactive thermic Ultic Haploxeralf",Alfisols,USDA system,Intermediate,3.982584617,1.139770979,17.36094156,39.93416488,88.36294955,11.77173818,,585.9980052,706.1879861,6.705,3.887991581,0.2933561,61.77060071,26.25558037,11.97381892,sandy loam,5.42126079,0,5,2.5
40.52472222,-121.7395833,16.7,780,Perennial.woody,none,"fine-loamy, mixed, superactive thermic Ultic Haploxeralf",Alfisols,USDA system,Intermediate,1.679923905,1.6989317,6.985451731,46.57520153,47.09788333,9.697470867,,547.5173762,654.4620514,6.575,2.821300585,0.217633198,61.94141957,26.22937431,11.82920612,sandy loam,3.643615645,5,15,10
40.52472222,-121.7395833,14.2,990,Perennial.woody,none,"fine, parasesquic, mesic Xeric Palehumult",Ultisols,USDA system,High,8.742871447,1.630883593,25.25209182,51.50825019,93.12545133,6.603849893,,419.2214497,566.8627358,6.165,9.232240756,0.374381323,63.60824846,24.22668963,12.16506191,sandy loam,4.65382595,0,5,2.5
40.52472222,-121.7395833,14.2,990,Perennial.woody,none,"fine, parasesquic, mesic Xeric Palehumult",Ultisols,USDA system,High,3.921698792,0.441956999,17.37262258,53.04738305,76.42203307,3.326505715,,327.8573492,486.0555157,6.1675,5.116976999,0.218947097,57.51013452,28.82517664,13.66468884,sandy loam,2.817830242,5,15,10
40.52472222,-121.7395833,8.3,1150,Perennial.woody,none,"medial-skeletal, amorphic, mesic Typic Haploxerand",Andisols,USDA system,Intermediate,7.571092286,4.624650144,30.04942431,72.55184625,85.70348967,138.4016994,,458.8315985,878.2556247,6.015,11.10382312,0.449335481,75.65529552,17.26699272,7.077711767,sandy loam,5.233383867,0,5,2.5
40.52472222,-121.7395833,8.3,1150,Perennial.woody,none,"medial-skeletal, amorphic, mesic Typic Haploxerand",Andisols,USDA system,Intermediate,4.702771,2.338030863,18.29509048,70.85921084,65.56620544,88.37347428,,167.0237954,526.4275235,6.2225,4.664639159,0.162944269,79.5361902,14.80872469,5.655085109,loamy sand,2.250434525,5,15,10
40.52472222,-121.7395833,6.5,1340,Perennial.woody,none,"sandy-skeletal, mixed, frigid Vitrandic Xerorthent",Entisols,USDA system,Low,15.37173065,7.63419378,29.83062064,98.55135025,44.75463908,123.3984337,,79.0564597,473.4587444,6.785,4.205028863,0.18400224,82.96786066,11.6672198,5.36491954,loamy sand,1.137545491,0,5,2.5
40.52472222,-121.7395833,6.5,1340,Perennial.woody,none,"sandy-skeletal, mixed, frigid Vitrandic Xerorthent",Entisols,USDA system,Low,3.143366019,1.681002839,6.588549025,119.812992,26.31651409,180.1208011,,119.1460972,544.7272751,6.51,1.86191347,0.062609879,82.21283486,12.43942499,5.347740157,loamy sand,0.640139683,5,15,10
40.52472222,-121.7395833,16.7,330,Perennial.woody,none,"coarse-loamy, mixed, thermic Typic Xerochrept",Inceptisols,USDA system,Low,16.24913126,5.485403551,9.026023933,16.03083223,27.83849542,111.7731514,,184.1105367,439.4279279,6.4175,3.325482076,0.251839565,81.43307234,10.0313387,8.535588959,loamy sand,5.24992281,0,5,2.5
40.52472222,-121.7395833,16.7,330,Perennial.woody,none,"coarse-loamy, mixed, thermic Typic Xerochrept",Inceptisols,USDA system,Low,13.59790561,4.90792177,5.287311197,17.85345767,19.43103016,125.723769,,180.7253507,434.5905335,6.445,2.729656018,0.21138323,79.72786093,12.96337531,7.308763757,loamy sand,3.8688793,5,15,10
40.52472222,-121.7395833,11.1,910,Perennial.woody,none,"fine-loamy, mixed, semiactive, mesic Ultic Haploxeralf",Alfisols,USDA system,Intermediate,35.68124636,54.86115436,25.08301763,453.5965918,54.68372072,203.9328355,,361.4628523,894.4296766,5.98,4.031016702,0.159235781,79.68671035,13.00149431,7.311795341,loamy sand,4.394447427,0,5,2.5
40.52472222,-121.7395833,11.1,910,Perennial.woody,none,"fine-loamy, mixed, semiactive, mesic Ultic Haploxeralf",Alfisols,USDA system,Intermediate,35.53835914,56.30842792,24.50566111,461.7647815,67.26506175,193.314249,,303.6370987,994.8934255,6.0675,5.557223737,0.199701897,76.65213421,17.42933231,5.918533485,loamy sand,2.425150221,5,15,10
40.52472222,-121.7395833,9.1,1010,Perennial.woody,none,"coarse-loamy, mixed, superactive, mesic Humic Dystroxerept",Inceptisols,USDA system,Low,26.16115738,44.09727994,35.62350542,392.9263775,136.2747823,161.1381343,,267.6520181,678.9934269,5.795,5.09538789,0.137875083,75.37474103,16.14599506,8.479263909,sandy loam,3.53748358,0,5,2.5
40.52472222,-121.7395833,9.1,1010,Perennial.woody,none,"coarse-loamy, mixed, superactive, mesic Humic Dystroxerept",Inceptisols,USDA system,Low,21.01417712,40.81397257,26.69086464,403.0100933,107.1408441,146.0773386,,113.9579207,475.2029306,5.8325,4.429592256,0.118618088,77.25536283,15.77815292,6.966484252,loamy sand,1.740385771,5,15,10
40.52472222,-121.7395833,5,1020,Perennial.woody,none,"mixed, superactive, frigid Dystric Xeropsamment",Entisols,USDA system,Low,15.26330403,13.02874646,53.97384903,87.4772819,76.65318819,34.19662199,,241.5398685,690.8619675,6.335,4.014414624,0.111564631,77.67216844,14.17697137,8.150860183,sandy loam,3.708540006,0,5,2.5
40.52472222,-121.7395833,5,1020,Perennial.woody,none,"mixed, superactive, frigid Dystric Xeropsamment",Entisols,USDA system,Low,4.624663146,8.006395637,22.83722749,92.54174215,46.18055542,24.9161414,,160.893839,705.4616442,6.385,4.384619597,0.131203552,78.71894774,13.53519211,7.745860157,loamy sand,1.703102643,5,15,10
40.52472222,-121.7395833,17,460,Perennial.woody,none,"loamy-skeletal, mixed, superactive thermic Lithic Ultic Haploxeroll",Mollisols,USDA system,Intermediate,0.815220181,0.227258114,1.660751855,66.9716708,212.3023412,2.734315978,,396.9588658,653.6474435,6.53,3.572676216,0.221363913,58.93820321,24.03188074,17.02991605,sandy loam,5.119643,0,5,2.5
40.52472222,-121.7395833,17,460,Perennial.woody,none,"loamy-skeletal, mixed, superactive thermic Lithic Ultic Haploxeroll",Mollisols,USDA system,Intermediate,0.739952275,0.222231439,1.565778715,66.65120968,217.0855557,2.688530435,,382.6963076,629.3878649,6.4625,3.006388098,0.216574091,49.22085393,31.61879654,19.16034953,loam,3.810761,5,15,10
40.52472222,-121.7395833,11.5,1250,Perennial.woody,none,"fine, parasesquic, mesic Andic Palehumult",Ultisols,USDA system,High,7.322157758,4.951877434,19.64725919,170.8081034,120.1867246,46.31147835,,627.685873,1046.103443,5.9475,7.453529182,0.265811605,67.28282413,20.03901642,12.67815945,sandy loam,4.882572714,0,5,2.5
40.52472222,-121.7395833,11.5,1250,Perennial.woody,none,"fine, parasesquic, mesic Andic Palehumult",Ultisols,USDA system,High,3.757211495,3.219924017,12.43596339,190.3680416,103.9975112,29.4145096,,589.7071942,993.3493583,6.055,4.903825999,0.177481806,65.77445123,22.8188888,11.40665997,sandy loam,2.240491524,5,15,10
40.52472222,-121.7395833,8.5,1400,Perennial.woody,none,"medial-skeletal, amorphic, mesic Humic Haploxerand",Andisols,USDA system,Intermediate,1.17810745,2.210323605,11.89648314,101.5197739,146.3409196,190.4297494,,738.6038665,1851.025068,6.2,15.69849253,0.633030253,71.1296331,21.47968307,7.390683837,sandy loam,6.787132404,0,5,2.5
40.52472222,-121.7395833,8.5,1400,Perennial.woody,none,"medial-skeletal, amorphic, mesic Humic Haploxerand",Andisols,USDA system,Intermediate,0.832518917,1.720214835,9.460294365,102.7472354,142.5470616,171.1855232,,556.3883424,1666.773871,6.33,9.38549726,0.423663096,73.94246484,20.6256872,5.431847956,sandy loam,4.076800188,5,15,10
40.52472222,-121.7395833,6,1350,Perennial.woody,none,"medial-skeletal, amorphic, frigid Humic Vitrixerand",Andisols,USDA system,Intermediate,0.194225254,0.894117248,2.640499837,451.1127407,66.90135364,31.8080821,,471.7788738,1680.093445,5.76,13.49967241,0.590054792,73.89255564,19.59455053,6.512893829,sandy loam,5.362712957,0,5,2.5
40.52472222,-121.7395833,6,1350,Perennial.woody,none,"medial-skeletal, amorphic, frigid Humic Vitrixerand",Andisols,USDA system,Intermediate,0.075732667,0.541125073,1.619894316,414.4787034,77.51669575,28.69713621,,404.2603704,1581.48203,5.8575,7.933988377,0.355276782,76.01021207,18.26678933,5.722998597,loamy sand,2.270576174,5,15,10
40.93055556,-90.72722222,10.6,914,Annual.agriculture,P,"fine-silty, mixed, mesic Typic Endoaquoll and fine-silty, mixed, mesic Aquic Argiudoll; a small area fine-silty, mixed, mesic Typic Argiudoll",Mollisols,USDA system,Intermediate,18.59469923,21.8599307,28.0678116,68.90036074,146.0166493,65.48253533,,,,7.1,2.191860465,,,,,,4.025012142,0,15,7.5
40.93055556,-90.72722222,10.6,914,Annual.agriculture,NP,"fine-silty, mixed, mesic Typic Endoaquoll and fine-silty, mixed, mesic Aquic Argiudoll; a small area fine-silty, mixed, mesic Typic Argiudoll",Mollisols,USDA system,Intermediate,7.069814969,3.567691006,30.49094915,45.16187154,182.6986828,55.87824425,,,,5.3,2.220930233,,,,,,3.455560952,0,15,7.5
40.93055556,-90.72722222,10.6,914,Annual.agriculture,NP,"fine-silty, mixed, mesic Typic Endoaquoll and fine-silty, mixed, mesic Aquic Argiudoll; a small area fine-silty, mixed, mesic Typic Argiudoll",Mollisols,USDA system,Intermediate,7.958821974,9.945029675,25.46361008,40.34685556,177.9558333,50.82390382,,,,6,2.029069767,,,,,,3.926663429,0,15,7.5
40.93055556,-90.72722222,10.6,914,Annual.agriculture,P,"fine-silty, mixed, mesic Typic Endoaquoll and fine-silty, mixed, mesic Aquic Argiudoll; a small area fine-silty, mixed, mesic Typic Argiudoll",Mollisols,USDA system,Intermediate,12.65410973,12.70677819,30.19669195,58.93337702,190.4161354,57.34649201,,,,6.5,2.145348837,,,,,,3.149587178,0,15,7.5
40.93055556,-90.72722222,10.6,914,Annual.agriculture,NP,"fine-silty, mixed, mesic Typic Endoaquoll and fine-silty, mixed, mesic Aquic Argiudoll; a small area fine-silty, mixed, mesic Typic Argiudoll",Mollisols,USDA system,Intermediate,13.81542427,13.53161025,34.54545914,58.68286292,199.1328549,68.19991928,,,,6.8,2.139534884,,,,,,3.899951433,0,15,7.5
40.93055556,-90.72722222,10.6,914,Annual.agriculture,P,"fine-silty, mixed, mesic Typic Endoaquoll and fine-silty, mixed, mesic Aquic Argiudoll; a small area fine-silty, mixed, mesic Typic Argiudoll",Mollisols,USDA system,Intermediate,20.81182612,14.88291775,31.0440498,70.89927815,218.974633,63.02404882,,,,6.8,2.104651163,,,,,,3.89023798,0,15,7.5
40.93055556,-90.72722222,10.6,914,Annual.agriculture,P,"fine-silty, mixed, mesic Typic Endoaquoll and fine-silty, mixed, mesic Aquic Argiudoll; a small area fine-silty, mixed, mesic Typic Argiudoll",Mollisols,USDA system,Intermediate,34.60366,24.56461388,42.75737099,85.51103058,212.5582222,78.53960396,,,,6.7,1.970930233,,,,,,3.678970374,0,15,7.5
40.93055556,-90.72722222,10.6,914,Annual.agriculture,NP,"fine-silty, mixed, mesic Typic Endoaquoll and fine-silty, mixed, mesic Aquic Argiudoll; a small area fine-silty, mixed, mesic Typic Argiudoll",Mollisols,USDA system,Intermediate,5.99728716,2.828644369,33.27625043,44.06121018,217.9075026,55.38736492,,,,5,2.290697674,,,,,,4.448761535,0,15,7.5
40.93055556,-90.72722222,10.6,914,Annual.agriculture,P,"fine-silty, mixed, mesic Typic Endoaquoll and fine-silty, mixed, mesic Aquic Argiudoll; a small area fine-silty, mixed, mesic Typic Argiudoll",Mollisols,USDA system,Intermediate,9.8718298,16.20516443,30.76138429,59.66124566,198.0220373,72.12099125,,,,7,2.23255814,,,,,,3.625546382,0,15,7.5
40.93055556,-90.72722222,10.6,914,Annual.agriculture,NP,"fine-silty, mixed, mesic Typic Endoaquoll and fine-silty, mixed, mesic Aquic Argiudoll; a small area fine-silty, mixed, mesic Typic Argiudoll",Mollisols,USDA system,Intermediate,8.209951456,10.1018974,30.43544165,38.51555748,195.1090258,68.57142857,,,,6.8,2.209302326,,,,,,4.065080136,0,15,7.5
40.93055556,-90.72722222,10.6,914,Annual.agriculture,NP,"fine-silty, mixed, mesic Typic Endoaquoll and fine-silty, mixed, mesic Aquic Argiudoll; a small area fine-silty, mixed, mesic Typic Argiudoll",Mollisols,USDA system,Intermediate,10.66619505,3.222366223,37.16164257,46.79838258,239.3087653,51.68700646,,,,4.3,2.575581395,,,,,,3.389995143,0,15,7.5
40.93055556,-90.72722222,10.6,914,Annual.agriculture,P,"fine-silty, mixed, mesic Typic Endoaquoll and fine-silty, mixed, mesic Aquic Argiudoll; a small area fine-silty, mixed, mesic Typic Argiudoll",Mollisols,USDA system,Intermediate,33.98007439,29.77565537,63.24806197,92.4283675,339.3745434,87.20189716,,,,6.1,2.790697674,,,,,,4.968431277,0,15,7.5
40.93055556,-90.72722222,10.6,914,Annual.agriculture,P,"fine-silty, mixed, mesic Typic Endoaquoll and fine-silty, mixed, mesic Aquic Argiudoll; a small area fine-silty, mixed, mesic Typic Argiudoll",Mollisols,USDA system,Intermediate,3.609224629,5.623311094,26.0797948,41.58015346,173.2015585,53.86020657,,,,6.7,1.930232558,,,,,,2.413793103,15,30,22.5
40.93055556,-90.72722222,10.6,914,Annual.agriculture,NP,"fine-silty, mixed, mesic Typic Endoaquoll and fine-silty, mixed, mesic Aquic Argiudoll; a small area fine-silty, mixed, mesic Typic Argiudoll",Mollisols,USDA system,Intermediate,2.40962092,3.433806418,21.78393996,27.23725586,170.2812777,38.66295765,,,,6.4,2.058139535,,,,,,2.415007285,15,30,22.5
40.93055556,-90.72722222,10.6,914,Annual.agriculture,NP,"fine-silty, mixed, mesic Typic Endoaquoll and fine-silty, mixed, mesic Aquic Argiudoll; a small area fine-silty, mixed, mesic Typic Argiudoll",Mollisols,USDA system,Intermediate,1.744875944,1.809202354,17.67061859,20.8469745,139.8272534,36.5981241,,,,6.5,1.854651163,,,,,,2.683341428,15,30,22.5
40.93055556,-90.72722222,10.6,914,Annual.agriculture,P,"fine-silty, mixed, mesic Typic Endoaquoll and fine-silty, mixed, mesic Aquic Argiudoll; a small area fine-silty, mixed, mesic Typic Argiudoll",Mollisols,USDA system,Intermediate,6.995603693,4.513854222,21.33464808,34.7313666,136.1526998,40.30252271,,,,6.7,1.831395349,,,,,,2.281447305,15,30,22.5
40.93055556,-90.72722222,10.6,914,Annual.agriculture,NP,"fine-silty, mixed, mesic Typic Endoaquoll and fine-silty, mixed, mesic Aquic Argiudoll; a small area fine-silty, mixed, mesic Typic Argiudoll",Mollisols,USDA system,Intermediate,7.229226038,5.455563597,23.77833844,36.65197884,172.4088744,42.22932954,,,,6.8,1.947674419,,,,,,2.113890238,15,30,22.5
40.93055556,-90.72722222,10.6,914,Annual.agriculture,P,"fine-silty, mixed, mesic Typic Endoaquoll and fine-silty, mixed, mesic Aquic Argiudoll; a small area fine-silty, mixed, mesic Typic Argiudoll",Mollisols,USDA system,Intermediate,7.766509661,5.681067053,22.25916296,36.81529562,148.6592309,42.30551627,,,,6.6,1.773255814,,,,,,1.94511899,15,30,22.5
40.93055556,-90.72722222,10.6,914,Annual.agriculture,P,"fine-silty, mixed, mesic Typic Endoaquoll and fine-silty, mixed, mesic Aquic Argiudoll; a small area fine-silty, mixed, mesic Typic Argiudoll",Mollisols,USDA system,Intermediate,7.531633483,4.912050398,23.3810022,39.29787346,175.9917831,41.02973169,,,,6.4,1.761627907,,,,,,2.413793103,15,30,22.5
40.93055556,-90.72722222,10.6,914,Annual.agriculture,NP,"fine-silty, mixed, mesic Typic Endoaquoll and fine-silty, mixed, mesic Aquic Argiudoll; a small area fine-silty, mixed, mesic Typic Argiudoll",Mollisols,USDA system,Intermediate,3.640188523,2.395768004,22.94166886,28.26466436,189.8325777,38.2441577,,,,6,2.058139535,,,,,,2.424720738,15,30,22.5
40.93055556,-90.72722222,10.6,914,Annual.agriculture,P,"fine-silty, mixed, mesic Typic Endoaquoll and fine-silty, mixed, mesic Aquic Argiudoll; a small area fine-silty, mixed, mesic Typic Argiudoll",Mollisols,USDA system,Intermediate,7.512723689,6.161148657,27.10766805,36.1766419,199.0324329,44.79309648,,,,6.8,2.127906977,,,,,,2.032540068,15,30,22.5
40.93055556,-90.72722222,10.6,914,Annual.agriculture,NP,"fine-silty, mixed, mesic Typic Endoaquoll and fine-silty, mixed, mesic Aquic Argiudoll; a small area fine-silty, mixed, mesic Typic Argiudoll",Mollisols,USDA system,Intermediate,2.836452539,3.902322003,24.41792951,27.38948036,198.1749395,45.02214204,,,,6.7,2.052325581,,,,,,2.342156387,15,30,22.5
40.93055556,-90.72722222,10.6,914,Annual.agriculture,NP,"fine-silty, mixed, mesic Typic Endoaquoll and fine-silty, mixed, mesic Aquic Argiudoll; a small area fine-silty, mixed, mesic Typic Argiudoll",Mollisols,USDA system,Intermediate,4.966289105,2.734655054,31.34050169,24.81218844,236.2994316,29.79437229,,,,5.5,2.558139535,,,,,,2.572850898,15,30,22.5
40.93055556,-90.72722222,10.6,914,Annual.agriculture,P,"fine-silty, mixed, mesic Typic Endoaquoll and fine-silty, mixed, mesic Aquic Argiudoll; a small area fine-silty, mixed, mesic Typic Argiudoll",Mollisols,USDA system,Intermediate,22.30298749,16.69358758,52.37677256,71.1328298,352.6102803,58.42928216,,,,6.5,2.738372093,,,,,,2.300631374,15,30,22.5
40.93055556,-90.72722222,10.6,914,Annual.agriculture,P,"fine-silty, mixed, mesic Typic Endoaquoll and fine-silty, mixed, mesic Aquic Argiudoll; a small area fine-silty, mixed, mesic Typic Argiudoll",Mollisols,USDA system,Intermediate,3.674743214,2.892589963,13.82101537,28.30356343,87.1907861,29.84441301,,,,6.9,1.38372093,,,,,,2.082321515,30,60,45
40.93055556,-90.72722222,10.6,914,Annual.agriculture,NP,"fine-silty, mixed, mesic Typic Endoaquoll and fine-silty, mixed, mesic Aquic Argiudoll; a small area fine-silty, mixed, mesic Typic Argiudoll",Mollisols,USDA system,Intermediate,2.594848619,3.8718931,14.95470045,35.65168505,61.69882671,41.4022752,,,,6.8,1.412790698,,,,,,1.290675085,30,60,45
40.93055556,-90.72722222,10.6,914,Annual.agriculture,NP,"fine-silty, mixed, mesic Typic Endoaquoll and fine-silty, mixed, mesic Aquic Argiudoll; a small area fine-silty, mixed, mesic Typic Argiudoll",Mollisols,USDA system,Intermediate,1.831395989,2.006834591,12.32993299,25.66710532,44.90053904,30.81470684,,,,6.4,1.418604651,,,,,,2.639630889,30,60,45
40.93055556,-90.72722222,10.6,914,Annual.agriculture,P,"fine-silty, mixed, mesic Typic Endoaquoll and fine-silty, mixed, mesic Aquic Argiudoll; a small area fine-silty, mixed, mesic Typic Argiudoll",Mollisols,USDA system,Intermediate,2.797088586,2.540005524,11.9928126,27.26750861,49.96708956,36.68443497,,,,6.7,1.180232558,,,,,,2.340942205,30,60,45
40.93055556,-90.72722222,10.6,914,Annual.agriculture,NP,"fine-silty, mixed, mesic Typic Endoaquoll and fine-silty, mixed, mesic Aquic Argiudoll; a small area fine-silty, mixed, mesic Typic Argiudoll",Mollisols,USDA system,Intermediate,3.825611038,2.381547583,15.16293276,28.4044619,64.03511049,47.50598967,,,,6.9,1.488372093,,,,,,2.266877125,30,60,45
40.93055556,-90.72722222,10.6,914,Annual.agriculture,P,"fine-silty, mixed, mesic Typic Endoaquoll and fine-silty, mixed, mesic Aquic Argiudoll; a small area fine-silty, mixed, mesic Typic Argiudoll",Mollisols,USDA system,Intermediate,3.284887831,3.724781502,13.0376067,38.09284557,46.43675225,59.42094313,,,,6.8,1.075581395,,,,,,2.767119961,30,60,45
40.93055556,-90.72722222,10.6,914,Annual.agriculture,P,"fine-silty, mixed, mesic Typic Endoaquoll and fine-silty, mixed, mesic Aquic Argiudoll; a small area fine-silty, mixed, mesic Typic Argiudoll",Mollisols,USDA system,Intermediate,1.534231317,1.483805138,11.5857015,22.04084921,45.25687757,39.61706186,,,,6.5,1.348837209,,,,,,2.415007285,30,60,45
40.93055556,-90.72722222,10.6,914,Annual.agriculture,NP,"fine-silty, mixed, mesic Typic Endoaquoll and fine-silty, mixed, mesic Aquic Argiudoll; a small area fine-silty, mixed, mesic Typic Argiudoll",Mollisols,USDA system,Intermediate,0.200242718,3.908995081,17.16765874,36.30077787,67.25758331,41.78571429,,,,6.3,1.401162791,,,,,,3.122875182,30,60,45
40.93055556,-90.72722222,10.6,914,Annual.agriculture,P,"fine-silty, mixed, mesic Typic Endoaquoll and fine-silty, mixed, mesic Aquic Argiudoll; a small area fine-silty, mixed, mesic Typic Argiudoll",Mollisols,USDA system,Intermediate,0.392651744,4.531073747,18.83774269,28.08493057,73.21468334,31.20709283,,,,6.8,1.48255814,,,,,,3.563623118,30,60,45
40.93055556,-90.72722222,10.6,914,Annual.agriculture,NP,"fine-silty, mixed, mesic Typic Endoaquoll and fine-silty, mixed, mesic Aquic Argiudoll; a small area fine-silty, mixed, mesic Typic Argiudoll",Mollisols,USDA system,Intermediate,0.338820167,3.388851037,17.12352722,26.4325733,58.80182632,35.17041334,,,,7,1.284883721,,,,,,2.699125789,30,60,45
40.93055556,-90.72722222,10.6,914,Annual.agriculture,NP,"fine-silty, mixed, mesic Typic Endoaquoll and fine-silty, mixed, mesic Aquic Argiudoll; a small area fine-silty, mixed, mesic Typic Argiudoll",Mollisols,USDA system,Intermediate,0.135185824,3.024698184,23.3587282,18.05065471,70.51021538,41.94959017,,,,6,1.755813953,,,,,,2.570422535,30,60,45
40.93055556,-90.72722222,10.6,914,Annual.agriculture,P,"fine-silty, mixed, mesic Typic Endoaquoll and fine-silty, mixed, mesic Aquic Argiudoll; a small area fine-silty, mixed, mesic Typic Argiudoll",Mollisols,USDA system,Intermediate,0.333426015,7.413943549,20.12512658,29.84749397,74.14528195,43.40336028,,,,6.4,2.058139535,,,,,,1.515298689,30,60,45
40.93055556,-90.72722222,10.6,914,Annual.agriculture,P,"fine-silty, mixed, mesic Typic Endoaquoll and fine-silty, mixed, mesic Aquic Argiudoll; a small area fine-silty, mixed, mesic Typic Argiudoll",Mollisols,USDA system,Intermediate,0.201248963,7.768992538,13.38674775,45.49541137,43.75139543,77.88944724,,,,7.1,0.726744186,,,,,,1.786061195,60,90,75
40.93055556,-90.72722222,10.6,914,Annual.agriculture,NP,"fine-silty, mixed, mesic Typic Endoaquoll and fine-silty, mixed, mesic Aquic Argiudoll; a small area fine-silty, mixed, mesic Typic Argiudoll",Mollisols,USDA system,Intermediate,3.018734449,7.592424526,13.30448202,48.86142033,37.09903608,55.63531945,,,,7.4,0.808139535,,,,,,1.594220495,60,90,75
40.93055556,-90.72722222,10.6,914,Annual.agriculture,NP,"fine-silty, mixed, mesic Typic Endoaquoll and fine-silty, mixed, mesic Aquic Argiudoll; a small area fine-silty, mixed, mesic Typic Argiudoll",Mollisols,USDA system,Intermediate,3.779337148,4.441897249,8.665651335,45.81982352,28.16032961,58.17075574,,,,6.8,0.744186047,,,,,,2.202525498,60,90,75
40.93055556,-90.72722222,10.6,914,Annual.agriculture,P,"fine-silty, mixed, mesic Typic Endoaquoll and fine-silty, mixed, mesic Aquic Argiudoll; a small area fine-silty, mixed, mesic Typic Argiudoll",Mollisols,USDA system,Intermediate,2.470723176,4.961253687,10.10464763,43.38078417,32.1643114,86.05393706,,,,6.6,0.744186047,,,,,,2.014327343,60,90,75
40.93055556,-90.72722222,10.6,914,Annual.agriculture,NP,"fine-silty, mixed, mesic Typic Endoaquoll and fine-silty, mixed, mesic Aquic Argiudoll; a small area fine-silty, mixed, mesic Typic Argiudoll",Mollisols,USDA system,Intermediate,4.383549753,5.101874455,10.60697057,49.27287041,34.5615386,59.8824434,,,,6.8,0.819767442,,,,,,2.151529869,60,90,75
40.93055556,-90.72722222,10.6,914,Annual.agriculture,P,"fine-silty, mixed, mesic Typic Endoaquoll and fine-silty, mixed, mesic Aquic Argiudoll; a small area fine-silty, mixed, mesic Typic Argiudoll",Mollisols,USDA system,Intermediate,4.873727664,7.770014528,12.46148675,67.51323361,23.77373119,115.9723115,,,,6.7,0.686046512,,,,,,2.070179699,60,90,75
40.93055556,-90.72722222,10.6,914,Annual.agriculture,P,"fine-silty, mixed, mesic Typic Endoaquoll and fine-silty, mixed, mesic Aquic Argiudoll; a small area fine-silty, mixed, mesic Typic Argiudoll",Mollisols,USDA system,Intermediate,2.705718683,3.201969388,8.255720916,36.27574467,45.08991461,59.59930314,,,,6.6,0.697674419,,,,,,1.779990287,60,90,75
40.93055556,-90.72722222,10.6,914,Annual.agriculture,NP,"fine-silty, mixed, mesic Typic Endoaquoll and fine-silty, mixed, mesic Aquic Argiudoll; a small area fine-silty, mixed, mesic Typic Argiudoll",Mollisols,USDA system,Intermediate,5.08581687,5.590644914,10.62662778,53.33410603,29.38462507,61.56985635,,,,6.7,0.773255814,,,,,,1.936619718,60,90,75
40.93055556,-90.72722222,10.6,914,Annual.agriculture,P,"fine-silty, mixed, mesic Typic Endoaquoll and fine-silty, mixed, mesic Aquic Argiudoll; a small area fine-silty, mixed, mesic Typic Argiudoll",Mollisols,USDA system,Intermediate,4.205097087,5.797610682,13.04865288,48.29299914,32.97037677,98.92857143,,,,6.7,0.860465116,,,,,,1.817629917,60,90,75
40.93055556,-90.72722222,10.6,914,Annual.agriculture,NP,"fine-silty, mixed, mesic Typic Endoaquoll and fine-silty, mixed, mesic Aquic Argiudoll; a small area fine-silty, mixed, mesic Typic Argiudoll",Mollisols,USDA system,Intermediate,5.257671731,6.032889799,10.58008849,58.26937953,36.20850532,79.35981576,,,,6.8,0.796511628,,,,,,1.61243322,60,90,75
40.93055556,-90.72722222,10.6,914,Annual.agriculture,NP,"fine-silty, mixed, mesic Typic Endoaquoll and fine-silty, mixed, mesic Aquic Argiudoll; a small area fine-silty, mixed, mesic Typic Argiudoll",Mollisols,USDA system,Intermediate,3.349121704,4.311766629,10.90699929,40.66632017,27.61480718,44.09620991,,,,6.5,0.860465116,,,,,,1.788489558,60,90,75
40.93055556,-90.72722222,10.6,914,Annual.agriculture,P,"fine-silty, mixed, mesic Typic Endoaquoll and fine-silty, mixed, mesic Aquic Argiudoll; a small area fine-silty, mixed, mesic Typic Argiudoll",Mollisols,USDA system,Intermediate,5.23510375,4.779670125,15.62734495,35.27123901,41.67993999,97.68907563,,,,6.4,0.970930233,,,,,,2.767119961,60,90,75
40.93055556,-90.72722222,10.6,914,Annual.agriculture,NP,"fine-silty, mixed, mesic Typic Endoaquoll and fine-silty, mixed, mesic Aquic Argiudoll; a small area fine-silty, mixed, mesic Typic Argiudoll",Mollisols,USDA system,Intermediate,14.78010433,14.1511784,27.41286473,31.03808959,73.07441887,88.00461976,,,,6.6,3.781007752,,3,70,27,silt loam,7.117532783,0,10,5
40.93055556,-90.72722222,10.6,914,Annual.agriculture,NP,"fine-silty, mixed, mesic Typic Endoaquoll and fine-silty, mixed, mesic Aquic Argiudoll; a small area fine-silty, mixed, mesic Typic Argiudoll",Mollisols,USDA system,Intermediate,8.199263983,13.19288794,24.95907511,23.61556214,66.56777858,101.620179,,,,7.233333333,2.726744186,,2,71,27,silt loam,5.616804274,0,10,5
40.93055556,-90.72722222,10.6,914,Annual.agriculture,NP,"fine-silty, mixed, mesic Typic Endoaquoll and fine-silty, mixed, mesic Aquic Argiudoll; a small area fine-silty, mixed, mesic Typic Argiudoll",Mollisols,USDA system,Intermediate,6.829108691,10.27420003,20.75273576,19.96512648,120.1586372,93.99652801,,,,7.166666667,3.296511628,,2,71,27,silt loam,6.240893638,0,10,5
40.93055556,-90.72722222,10.6,914,Annual.agriculture,NP,"fine-silty, mixed, mesic Typic Endoaquoll and fine-silty, mixed, mesic Aquic Argiudoll; a small area fine-silty, mixed, mesic Typic Argiudoll",Mollisols,USDA system,Intermediate,6.289734365,9.161698424,21.32598995,20.34791004,126.2221435,91.85949414,,,,7.433333333,2.542635659,,2,73,25,silt loam,4.946576008,0,10,5
40.93055556,-90.72722222,10.6,914,Annual.agriculture,P,"fine-silty, mixed, mesic Typic Endoaquoll and fine-silty, mixed, mesic Aquic Argiudoll; a small area fine-silty, mixed, mesic Typic Argiudoll",Mollisols,USDA system,Intermediate,12.34586517,15.26154021,24.48346574,35.41246519,146.4944014,102.4531025,,,,7.333333333,2.720930233,,2,74,24,silt loam,6.76056338,0,10,5
40.93055556,-90.72722222,10.6,914,Annual.agriculture,P,"fine-silty, mixed, mesic Typic Endoaquoll and fine-silty, mixed, mesic Aquic Argiudoll; a small area fine-silty, mixed, mesic Typic Argiudoll",Mollisols,USDA system,Intermediate,14.35271076,17.8646598,31.39510529,36.72758157,150.4703822,119.9964639,,,,7.466666667,2.569767442,,2,72,26,silt loam,4.711024769,0,10,5
40.93055556,-90.72722222,10.6,914,Annual.agriculture,NP,"fine-silty, mixed, mesic Typic Endoaquoll and fine-silty, mixed, mesic Aquic Argiudoll; a small area fine-silty, mixed, mesic Typic Argiudoll",Mollisols,USDA system,Intermediate,12.15462473,16.62458864,28.9882159,45.31632811,201.201937,97.59475219,,,,7.366666667,2.936046512,,4,73,23,silt loam,4.643030597,0,10,5
40.93055556,-90.72722222,10.6,914,Annual.agriculture,NP,"fine-silty, mixed, mesic Typic Endoaquoll and fine-silty, mixed, mesic Aquic Argiudoll; a small area fine-silty, mixed, mesic Typic Argiudoll",Mollisols,USDA system,Intermediate,11.57584037,12.76763296,27.95402206,36.39035714,200.5397524,70.1902369,,,,6.9,3.279069767,,3,73,24,silt loam,4.525012142,0,10,5
40.93055556,-90.72722222,10.6,914,Annual.agriculture,P,"fine-silty, mixed, mesic Typic Endoaquoll and fine-silty, mixed, mesic Aquic Argiudoll; a small area fine-silty, mixed, mesic Typic Argiudoll",Mollisols,USDA system,Intermediate,11.44033273,15.01468163,26.37456695,30.43415001,144.2300954,103.8226849,,,,6.966666667,3.15503876,,2,70,28,silty clay loam,8.737251093,0,10,5
40.93055556,-90.72722222,10.6,914,Annual.agriculture,P,"fine-silty, mixed, mesic Typic Endoaquoll and fine-silty, mixed, mesic Aquic Argiudoll; a small area fine-silty, mixed, mesic Typic Argiudoll",Mollisols,USDA system,Intermediate,13.51518921,17.03502321,28.11527623,35.5413365,133.4456721,100.0493086,,,,7.133333333,2.527131783,,2,68,30,silty clay loam,4.691597863,0,10,5
40.93055556,-90.72722222,10.6,914,Annual.agriculture,NP,"fine-silty, mixed, mesic Typic Endoaquoll and fine-silty, mixed, mesic Aquic Argiudoll; a small area fine-silty, mixed, mesic Typic Argiudoll",Mollisols,USDA system,Intermediate,9.734777076,11.56068132,27.54026972,30.71112099,158.0371062,72.81553398,,,,6,3.279069767,,3,67,30,silty clay loam,5.556095192,0,10,5
40.93055556,-90.72722222,10.6,914,Annual.agriculture,NP,"fine-silty, mixed, mesic Typic Endoaquoll and fine-silty, mixed, mesic Aquic Argiudoll; a small area fine-silty, mixed, mesic Typic Argiudoll",Mollisols,USDA system,Intermediate,8.48783931,9.883187288,23.28066165,27.89145044,139.0975881,85.04373178,,,,6.633333333,2.815891473,,3,66,31,silty clay loam,4.329771734,0,10,5
40.93055556,-90.72722222,10.6,914,Annual.agriculture,NP,"fine-silty, mixed, mesic Typic Endoaquoll and fine-silty, mixed, mesic Aquic Argiudoll; a small area fine-silty, mixed, mesic Typic Argiudoll",Mollisols,USDA system,Intermediate,8.279579226,11.77032672,26.44167577,31.04476846,160.1145365,86.84301266,,,,6.666666667,3.122093023,,2,67,31,silty clay loam,4.436619718,0,10,5
40.93055556,-90.72722222,10.6,914,Annual.agriculture,NP,"fine-silty, mixed, mesic Typic Endoaquoll and fine-silty, mixed, mesic Aquic Argiudoll; a small area fine-silty, mixed, mesic Typic Argiudoll",Mollisols,USDA system,Intermediate,11.0637694,10.06981264,25.1272803,30.66692007,172.2230705,89.32177866,,,,6.4,3.432170543,,3,66,31,silty clay loam,4.783875668,0,10,5
40.93055556,-90.72722222,10.6,914,Annual.agriculture,NP,"fine-silty, mixed, mesic Typic Endoaquoll and fine-silty, mixed, mesic Aquic Argiudoll; a small area fine-silty, mixed, mesic Typic Argiudoll",Mollisols,USDA system,Intermediate,15.66298765,8.998541281,28.48881471,32.84519787,207.0362623,65.32106782,,,,5.866666667,4.093023256,,3,71,26,silt loam,6.466731423,0,10,5
40.93055556,-90.72722222,10.6,914,Annual.agriculture,NP,"fine-silty, mixed, mesic Typic Endoaquoll and fine-silty, mixed, mesic Aquic Argiudoll; a small area fine-silty, mixed, mesic Typic Argiudoll",Mollisols,USDA system,Intermediate,8.534487649,9.074094553,25.68037457,32.55100572,173.3849293,61.47222772,,,,6.033333333,3.158914729,,3,70,27,silt loam,5.524526469,0,10,5
40.93055556,-90.72722222,10.6,914,Annual.agriculture,NP,"fine-silty, mixed, mesic Typic Endoaquoll and fine-silty, mixed, mesic Aquic Argiudoll; a small area fine-silty, mixed, mesic Typic Argiudoll",Mollisols,USDA system,Intermediate,10.45370884,12.46574648,23.07590607,31.42012552,142.1514483,86.27073001,,,,7.1,2.757751938,,2,74,24,silt loam,3.438562409,0,10,5
40.93055556,-90.72722222,10.6,914,Annual.agriculture,NP,"fine-silty, mixed, mesic Typic Endoaquoll and fine-silty, mixed, mesic Aquic Argiudoll; a small area fine-silty, mixed, mesic Typic Argiudoll",Mollisols,USDA system,Intermediate,9.795711974,15.63566248,30.52093802,34.71371176,160.3611059,74.82608602,,,,6.266666667,3.189922481,,3,73,24,silt loam,4.769548324,0,10,5
40.93055556,-90.72722222,10.6,914,Annual.agriculture,NP,"fine-silty, mixed, mesic Typic Endoaquoll and fine-silty, mixed, mesic Aquic Argiudoll; a small area fine-silty, mixed, mesic Typic Argiudoll",Mollisols,USDA system,Intermediate,7.26159381,14.434435,31.49419543,42.61801662,183.6393485,63.53194544,,,,6.166666667,3.050387597,,2,74,24,silt loam,4.924720738,0,10,5
40.93055556,-90.72722222,10.6,914,Annual.agriculture,NP,"fine-silty, mixed, mesic Typic Endoaquoll and fine-silty, mixed, mesic Aquic Argiudoll; a small area fine-silty, mixed, mesic Typic Argiudoll",Mollisols,USDA system,Intermediate,16.09389262,21.0030463,40.93622636,56.37872643,221.2019065,67.96536797,,,,5.6,3.529069767,,2,73,25,silt loam,5.376396309,0,10,5
40.93055556,-90.72722222,10.6,914,Annual.agriculture,P,"fine-silty, mixed, mesic Typic Endoaquoll and fine-silty, mixed, mesic Aquic Argiudoll; a small area fine-silty, mixed, mesic Typic Argiudoll",Mollisols,USDA system,Intermediate,28.83495146,27.84609979,39.89129554,59.79904927,172.2692361,92.85714286,,,,7,2.620155039,,2,74,24,silt loam,4.011656144,0,10,5
40.93055556,-90.72722222,10.6,914,Annual.agriculture,P,"fine-silty, mixed, mesic Typic Endoaquoll and fine-silty, mixed, mesic Aquic Argiudoll; a small area fine-silty, mixed, mesic Typic Argiudoll",Mollisols,USDA system,Intermediate,11.43792566,23.05059383,40.4504758,66.17356175,245.0826432,67.33653163,,,,6.6,3.044573643,,2,74,24,silt loam,5.934677028,0,10,5
40.93055556,-90.72722222,10.6,914,Annual.agriculture,NP,"fine-silty, mixed, mesic Typic Endoaquoll and fine-silty, mixed, mesic Aquic Argiudoll; a small area fine-silty, mixed, mesic Typic Argiudoll",Mollisols,USDA system,Intermediate,19.29338834,21.90877635,41.67094608,59.7698321,217.4659348,75.61120895,,,,6.433333333,2.86627907,,3,73,24,silt loam,5.437105391,0,10,5
40.93055556,-90.72722222,10.6,914,Annual.agriculture,NP,"fine-silty, mixed, mesic Typic Endoaquoll and fine-silty, mixed, mesic Aquic Argiudoll; a small area fine-silty, mixed, mesic Typic Argiudoll",Mollisols,USDA system,Intermediate,13.51622128,14.1591812,34.49593387,61.15754726,252.7621044,35.89816124,,,,5.933333333,3.042635659,,3,76,21,silt loam,5.684798446,0,10,5
40.93055556,-90.72722222,10.6,914,Annual.agriculture,P,"fine-silty, mixed, mesic Typic Endoaquoll and fine-silty, mixed, mesic Aquic Argiudoll; a small area fine-silty, mixed, mesic Typic Argiudoll",Mollisols,USDA system,Intermediate,7.905204962,11.65467039,22.71398702,36.12016884,115.6524658,54.55266955,,,,7.366666667,2.141472868,,2,74,24,silt loam,3.555123847,0,10,5
40.93055556,-90.72722222,10.6,914,Annual.agriculture,P,"fine-silty, mixed, mesic Typic Endoaquoll and fine-silty, mixed, mesic Aquic Argiudoll; a small area fine-silty, mixed, mesic Typic Argiudoll",Mollisols,USDA system,Intermediate,13.81909548,12.61321438,26.62164511,40.80876062,131.8440106,33.09100798,,,,6.933333333,2.569767442,,2,74,24,silt loam,8.149587178,0,10,5
40.93055556,-90.72722222,10.6,914,Annual.agriculture,NP,"fine-silty, mixed, mesic Typic Endoaquoll and fine-silty, mixed, mesic Aquic Argiudoll; a small area fine-silty, mixed, mesic Typic Argiudoll",Mollisols,USDA system,Intermediate,6.369819132,11.68261805,24.53671746,40.9118629,132.2391909,24.29296592,,,,6.8,2.069767442,,2,73,25,silt loam,4.858912093,0,10,5
40.93055556,-90.72722222,10.6,914,Annual.agriculture,NP,"fine-silty, mixed, mesic Typic Endoaquoll and fine-silty, mixed, mesic Aquic Argiudoll; a small area fine-silty, mixed, mesic Typic Argiudoll",Mollisols,USDA system,Intermediate,8.021396868,8.609562284,22.40529085,38.27343473,141.4000261,23.67551148,,,,6.1,2.476744186,,2,74,24,silt loam,6.063623118,0,10,5
40.93055556,-90.72722222,10.6,914,Annual.agriculture,NP,"fine-silty, mixed, mesic Typic Endoaquoll and fine-silty, mixed, mesic Aquic Argiudoll; a small area fine-silty, mixed, mesic Typic Argiudoll",Mollisols,USDA system,Intermediate,14.09115426,6.936762442,28.28769047,48.39679171,231.0849057,25.88940721,,,,5.566666667,3.445736434,,3,72,25,silt loam,5.543953375,0,10,5
40.93055556,-90.72722222,10.6,914,Annual.agriculture,NP,"fine-silty, mixed, mesic Typic Endoaquoll and fine-silty, mixed, mesic Aquic Argiudoll; a small area fine-silty, mixed, mesic Typic Argiudoll",Mollisols,USDA system,Intermediate,12.92021028,11.46612245,30.53371475,50.93945708,240.8212901,29.62726866,,,,5.933333333,2.726744186,,3,72,25,silt loam,5.789218067,0,10,5
40.93055556,-90.72722222,10.6,914,Annual.agriculture,NP,"fine-silty, mixed, mesic Typic Endoaquoll and fine-silty, mixed, mesic Aquic Argiudoll; a small area fine-silty, mixed, mesic Typic Argiudoll",Mollisols,USDA system,Intermediate,9.583974663,13.60167458,30.96700754,45.30482535,220.3586549,33.17073171,,,,6.3,2.746124031,,3,75,22,silt loam,4.633317144,0,10,5
40.93055556,-90.72722222,10.6,914,Annual.agriculture,NP,"fine-silty, mixed, mesic Typic Endoaquoll and fine-silty, mixed, mesic Aquic Argiudoll; a small area fine-silty, mixed, mesic Typic Argiudoll",Mollisols,USDA system,Intermediate,13.21293323,11.67383181,30.05262641,50.20063179,233.5398907,31.75535924,,,,5.966666667,3.585271318,,3,75,22,silt loam,5.390966489,0,10,5
42.6,-4.75,9.6,660,Perennial.woody,none,Inceptisols,Inceptisols,USDA system,Low,7,5.1,19.5,19,68.8,9.2,19.1,,,5.6,,,43.1,35.7,21.2,loam,0.056070735,0,10,5
42.76,-4.88,9.6,848,Perennial.woody,none,Inceptisols,Inceptisols,USDA system,Low,1.5,3,17.5,21.1,66,1.1,15,,,4.4,,,46.8,30.8,22.4,loam,0.145208828,0,10,5
42.73,-4.89,9.6,791,Perennial.woody,none,Inceptisols,Inceptisols,USDA system,Low,1.4,2.3,13.1,12.7,34.1,0.6,6.3,,,4.3,,,70.5,15,14.5,sandy loam,0.122205449,0,10,5
42.65,-4.74,9.6,709,Perennial.woody,none,Inceptisols,Inceptisols,USDA system,Low,2.7,2.3,23.2,19.6,61.5,2.7,15.4,,,4.6,,,44.8,38,17.2,loam,0.114298038,0,10,5
42.66,-4.8,9.6,730,Perennial.woody,none,Inceptisols,Inceptisols,USDA system,Low,3.2,3.7,18.8,16.8,40.4,3.5,8.2,,,4.3,,,63.8,20.6,15.6,sandy loam,0.063978147,0,10,5
42.6,-4.58,9.6,610,Perennial.woody,none,Inceptisols,Inceptisols,USDA system,Low,5.8,4,13.9,11.9,35.5,2.7,12.9,,,5.3,,,47.1,33.5,19.4,loam,0.102077493,0,10,5
42.6,-4.57,9.6,607,Perennial.woody,none,Inceptisols,Inceptisols,USDA system,Low,3.6,3.5,16.3,19,37.3,7.5,11.7,,,4.9,,,51.8,34,14.1,loam,0.02444109,0,10,5
42.59,-4.57,9.6,608,Perennial.woody,none,Inceptisols,Inceptisols,USDA system,Low,3.7,3,16.6,15.2,41.6,1.8,12.2,,,5.1,,,50.9,34.1,15,loam,0.098483215,0,10,5
42.58,-4.55,9.6,627,Perennial.woody,none,Inceptisols,Inceptisols,USDA system,Low,4.3,3.1,16.3,14.9,51.9,6,12.9,,,5.2,,,40.8,44.7,14.5,loam,0.078355258,0,10,5
42.65,-4.75,9.6,706,Perennial.woody,none,Inceptisols,Inceptisols,USDA system,Low,3.2,2.3,21.9,24.1,57,3,17.9,,,4.9,,,40.2,40.9,18.9,loam,0.033786212,0,10,5
42.55,-4.73,9.6,611,Perennial.woody,none,Inceptisols,Inceptisols,USDA system,Low,4.9,4,9.7,11.6,27.9,3.5,16.1,,,5.6,,,42.1,43.7,14.3,loam,0.013658256,0,10,5
42.65,-4.87,9.6,718,Perennial.woody,none,Inceptisols,Inceptisols,USDA system,Low,2.2,4.2,5.1,16.1,11.1,0.6,8.8,,,4.5,,,67.5,18.1,14.4,sandy loam,0.031629646,0,10,5
42.74,-4.79,9.6,877,Perennial.woody,none,Inceptisols,Inceptisols,USDA system,Low,2.2,4.1,8.5,19,23.3,0.5,8.3,,,4.4,,,63.6,20.7,15.7,sandy loam,0.054633024,0,10,5
42.77,-4.79,9.6,943,Perennial.woody,none,Inceptisols,Inceptisols,USDA system,Low,4.9,4.8,19,21,47.6,1.6,9.8,,,4.6,,,51.6,30.8,17.6,loam,0.012220545,0,10,5
42.69,-4.86,9.6,777,Perennial.woody,none,Inceptisols,Inceptisols,USDA system,Low,4.2,6.1,15.8,24.4,40.4,1.7,6,,,4.7,,,57.8,23.1,19.1,sandy loam,0.032348501,0,10,5
42.58,-4.53,9.6,597,Perennial.woody,none,Inceptisols,Inceptisols,USDA system,Low,7.3,6.8,6.3,22.3,25.4,7.2,10,,,5.4,,,57.4,30.6,12,sandy loam,0.013658256,0,10,5
42.68,-4.94,9.6,736,Perennial.woody,none,Inceptisols,Inceptisols,USDA system,Low,3.3,4.8,9.4,25.1,9.1,1,2.6,,,4,,,71.5,16.1,12.4,sandy loam,0.053195313,0,10,5
42.72,-4.91,9.6,776,Perennial.woody,none,Inceptisols,Inceptisols,USDA system,Low,2.8,4.2,8,14.8,14.8,1.2,5.6,,,4.2,,,67.5,18.4,14.1,sandy loam,0.027316512,0,10,5
42.72,-4.89,9.6,785,Perennial.woody,none,Inceptisols,Inceptisols,USDA system,Low,4,4.3,15,20.7,39.3,2.2,7.7,,,4.3,,,58.4,24.6,17,sandy loam,0.050319891,0,10,5
42.71,-4.9,9.6,776,Perennial.woody,none,Inceptisols,Inceptisols,USDA system,Low,2.5,3,6.6,17.6,0.9,1.4,3.9,,,3.7,,,75.5,15.5,9,sandy loam,0.028035368,0,10,5
42.69,-4.9,9.6,766,Perennial.woody,none,Inceptisols,Inceptisols,USDA system,Low,2,3.1,5.1,19.7,4,0.9,5.2,,,4.2,,,67.8,18.6,13.6,sandy loam,0.015095967,0,10,5
42.68,-4.91,9.6,755,Perennial.woody,none,Inceptisols,Inceptisols,USDA system,Low,2.9,4,12.3,23.1,19.9,1.4,8.3,,,4.1,,,67.6,15.6,16.8,sandy loam,0.031629646,0,10,5
42.65,-4.95,9.6,727,Perennial.woody,none,Inceptisols,Inceptisols,USDA system,Low,6.4,6.8,12.8,13.8,33.8,1.5,2.6,,,4.1,,,64.5,20.1,15.4,sandy loam,0.175400762,0,10,5
42.66,-4.95,9.6,727,Perennial.woody,none,Inceptisols,Inceptisols,USDA system,Low,5.1,5.3,12.7,27.8,16.5,1.1,4.2,,,4.2,,,64.4,20.9,14.7,sandy loam,0.033786212,0,10,5
42.63,-4.93,9.6,700,Perennial.woody,none,Inceptisols,Inceptisols,USDA system,Low,3,7.6,10.6,26.1,28.3,3.8,9.1,,,4.6,,,58.6,27.4,14.1,sandy loam,0.043131335,0,10,5
42.7,-4.9,9.6,770,Perennial.woody,none,Inceptisols,Inceptisols,USDA system,Low,3.6,5.6,12.7,19.5,21.6,0.9,7.2,,,4,,,73.5,13.4,13.1,sandy loam,0.081949536,0,10,5
42.74,-4.88,9.6,802,Perennial.woody,none,Inceptisols,Inceptisols,USDA system,Low,3.4,10.2,4.5,25.3,6.7,2.3,8.8,,,4,,,69.7,17.8,12.5,sandy loam,0.066853569,0,10,5
42.7,-4.91,9.6,773,Perennial.woody,none,Inceptisols,Inceptisols,USDA system,Low,2,11.6,18.2,36,58.7,3.2,11.5,,,4,,,62.9,19.4,17.7,sandy loam,0.003594278,0,10,5
42.69,-4.93,9.6,740,Perennial.woody,none,Inceptisols,Inceptisols,USDA system,Low,5.8,11.8,13.4,36.8,54.8,7.3,11.6,,,4.7,,,64.3,18.8,17,sandy loam,0.11070376,0,10,5
42.7,-4.9,9.6,773,Perennial.woody,none,Inceptisols,Inceptisols,USDA system,Low,3.3,10.1,13.8,30.3,42.7,2.3,11.2,,,4.3,,,63.1,19.9,17,sandy loam,0.049601035,0,10,5
42.69,-4.89,9.6,769,Perennial.woody,none,Inceptisols,Inceptisols,USDA system,Low,6.6,5.3,33.1,53.6,56.1,12.8,11.5,,,4.5,,,66.6,18.3,15.1,sandy loam,0.086981525,0,10,5
42.69,-4.89,9.6,762,Perennial.woody,none,Inceptisols,Inceptisols,USDA system,Low,6.7,7.5,37.9,50.5,68.4,9.1,9.3,,,4.3,,,69.4,16,14.6,sandy loam,0.058946158,0,10,5
42.69,-4.89,9.6,769,Perennial.woody,none,Inceptisols,Inceptisols,USDA system,Low,6.1,12.2,8.6,29.4,44.7,2.7,11.1,,,4.7,,,64.5,18.1,17.4,sandy loam,0.124362016,0,10,5
42.69,-4.89,9.6,766,Perennial.woody,none,Inceptisols,Inceptisols,USDA system,Low,5.4,10.1,22.5,42.3,84.7,3.6,10.7,,,4.9,,,45.1,28.5,26.4,loam,0.121486593,0,10,5
-23.1,-48.6,19.4,1319,Perennial.woody,NP,Oxisols,Oxisols,USDA system,High,5.1,12.2,1,3,39.5,0.19,96,,,,1.01,0.167,80.3,2.2,17.5,sandy loam,8.504494285,0,5,2.5
-23.1,-48.6,19.4,1319,Perennial.woody,NP,Oxisols,Oxisols,USDA system,High,4.1,10.2,0.8,6.7,35.1,0.33,104,,,,1.01,0.167,80.3,2.2,17.5,sandy loam,6.56346704,0,5,2.5
-23.1,-48.6,19.4,1319,Perennial.woody,NP,Oxisols,Oxisols,USDA system,High,2.6,7.2,1.2,2.9,40.4,0.14,104.9,,,,1.01,0.167,80.3,2.2,17.5,sandy loam,6.555664582,0,5,2.5
-23.1,-48.6,19.4,1319,Perennial.woody,N,Oxisols,Oxisols,USDA system,High,3.7,8.6,0.3,3.3,40.1,0.21,106.9,,,,1.01,0.167,80.3,2.2,17.5,sandy loam,8.797044785,0,5,2.5
-23.1,-48.6,19.4,1319,Perennial.woody,N,Oxisols,Oxisols,USDA system,High,5.2,12.9,0.7,1.6,39.7,0.57,102.4,,,,1.01,0.167,80.3,2.2,17.5,sandy loam,9.677287758,0,5,2.5
36.61666667,112.1333333,8.7,625,Perennial.woody,none,Alfisol,Alfisols,USDA system,Intermediate,6.5,7.7,5.5,10.8,76.8,38.8,61,,,6.4,4.37,0.37,,,,,1.827096542,0,10,5
36.61666667,112.1333333,8.7,625,Perennial.woody,none,Alfisol,Alfisols,USDA system,Intermediate,7.1,7.8,3.1,11.3,65.7,25.2,64.2,,,6,6.61,0.52,,,,,1.055014018,0,10,5
36.61666667,112.1333333,8.7,625,Perennial.woody,none,Alfisol,Alfisols,USDA system,Intermediate,6.9,6.7,3,12.5,87.7,35.1,64.2,,,6,4.41,0.34,,,,,1.01752498,0,10,5
36.61666667,112.1333333,8.7,625,Perennial.woody,none,Alfisol,Alfisols,USDA system,Intermediate,6.1,7,14.1,11.8,87.6,40,85.5,,,6.3,3.88,0.31,,,,,1.884193803,0,10,5
36.61666667,112.1333333,8.7,625,Perennial.woody,none,Alfisol,Alfisols,USDA system,Intermediate,10.5,7.5,15.9,11.6,77.6,34.8,86.8,,,5.7,3.97,0.37,,,,,1.573533175,0,10,5
36.61666667,112.1333333,8.7,625,Perennial.woody,none,Alfisol,Alfisols,USDA system,Intermediate,9.3,7.7,7,12.8,92.3,37.4,97.8,,,6.2,4.1,0.37,,,,,1.470146647,0,10,5
36.61666667,112.1333333,8.7,625,Perennial.woody,none,Alfisol,Alfisols,USDA system,Intermediate,13.4,11.6,21.7,17.4,167.1,84.8,155.2,,,6.1,5.34,0.48,,,,,2.421536194,0,10,5
36.61666667,112.1333333,8.7,625,Perennial.woody,none,Alfisol,Alfisols,USDA system,Intermediate,11.7,14.2,17,17.3,137.1,73.6,115,,,5.9,6.33,0.5,,,,,2.318136007,0,10,5
36.61666667,112.1333333,8.7,625,Perennial.woody,none,Alfisol,Alfisols,USDA system,Intermediate,12.6,11.6,8.9,16.3,115.2,62.4,87.8,,,5.8,5.68,0.46,,,,,1.847422903,0,10,5
36.61666667,112.1333333,8.7,625,Perennial.woody,none,Alfisol,Alfisols,USDA system,Intermediate,10.2,10,14.4,10.8,125.8,66.7,100.7,,,6.1,5.48,0.49,,,,,2.469242326,0,10,5
36.61666667,112.1333333,8.7,625,Perennial.woody,none,Alfisol,Alfisols,USDA system,Intermediate,12.1,12.3,18.2,12.3,118.7,58.3,93.6,,,5.7,5.8,0.44,,,,,2.205717058,0,10,5
36.61666667,112.1333333,8.7,625,Perennial.woody,none,Alfisol,Alfisols,USDA system,Intermediate,12.8,9.6,9.3,14.4,115.2,75.6,80.6,,,5.8,5.95,0.47,,,,,1.753843002,0,10,5
36.61666667,112.1333333,8.7,625,Perennial.woody,none,Alfisol,Alfisols,USDA system,Intermediate,10.3,8.4,10.1,12.3,135.2,51.8,155.9,,,6.1,4.82,0.2,,,,,3.788258213,0,10,5
36.61666667,112.1333333,8.7,625,Perennial.woody,none,Alfisol,Alfisols,USDA system,Intermediate,7.4,9.4,15,14.1,83.1,42.7,150.3,,,6.2,4.51,0.22,,,,,3.468227302,0,10,5
36.61666667,112.1333333,8.7,625,Perennial.woody,none,Alfisol,Alfisols,USDA system,Intermediate,7.4,7.7,6.5,10.3,83.1,39.1,150.2,,,6.2,4.72,0.2,,,,,2.24413342,0,10,5
36.61666667,112.1333333,8.7,625,Perennial.woody,none,Alfisol,Alfisols,USDA system,Intermediate,10.6,9.4,10.5,21.7,129.7,61.7,162.6,,,6.1,3.94,0.32,,,,,3.525161383,0,10,5
36.61666667,112.1333333,8.7,625,Perennial.woody,none,Alfisol,Alfisols,USDA system,Intermediate,7.5,6.2,15,20.2,92,52.3,164.8,,,5.9,4.52,0.36,,,,,2.696594781,0,10,5
36.61666667,112.1333333,8.7,625,Perennial.woody,none,Alfisol,Alfisols,USDA system,Intermediate,8.7,7.5,10.8,19.4,75.1,55.5,163.1,,,5.8,4.32,0.34,,,,,2.414232622,0,10,5
36.61666667,112.1333333,8.7,625,Perennial.woody,none,Alfisol,Alfisols,USDA system,Intermediate,10.9,8.5,18.5,20.4,166.7,105.9,135.9,,,6.1,5.8,0.23,,,,,3.921277406,0,10,5
36.61666667,112.1333333,8.7,625,Perennial.woody,none,Alfisol,Alfisols,USDA system,Intermediate,12.1,8.7,15.7,24.9,102,100.7,135.9,,,6.3,6.05,0.24,,,,,4.76899504,0,10,5
36.61666667,112.1333333,8.7,625,Perennial.woody,none,Alfisol,Alfisols,USDA system,Intermediate,15.4,7.9,10.1,18.8,79.7,105.3,142.5,,,6.3,5.72,0.22,,,,,3.356548055,0,10,5
36.61666667,112.1333333,8.7,625,Perennial.woody,none,Alfisol,Alfisols,USDA system,Intermediate,13.1,8.3,19,22,123.2,83.6,159.7,,,6.2,4.54,0.26,,,,,3.964192366,0,10,5
36.61666667,112.1333333,8.7,625,Perennial.woody,none,Alfisol,Alfisols,USDA system,Intermediate,11.3,8.1,13.3,20.4,98.5,50,149.5,,,6.1,5.72,0.29,,,,,3.884355546,0,10,5
36.61666667,112.1333333,8.7,625,Perennial.woody,none,Alfisol,Alfisols,USDA system,Intermediate,9.5,10.5,8.8,19.7,100.7,77.8,155.5,,,6,5.44,0.27,,,,,3.375971533,0,10,5
-4.10083333,-54.90972222,27.29845833,2206.3894,Perennial.woody,none,,,,,3.8,6.3,45.4,30.2,44.2,1.01,412.3,,,,1.36,0.11,1.5,12.8,85.8,clay,1.732797823,0,35,17.5
-4.10083333,-54.90972222,27.29845833,2206.3894,Perennial.herbaceous,none,,,,,3,6.3,45.4,22.1,38.3,1.02,434.9,,,,1.21,0.1,32.1,6.3,61.7,clay,1.993107399,0,35,17.5
-4.10083333,-54.90972222,27.29845833,2206.3894,Perennial.woody,none,,,,,3.5,10.8,41.4,18.6,34.8,0.99,312.1,,,,1.16,0.1,85.8,6.4,7.9,loamy sand,0.636070679,0,35,17.5
-4.10083333,-54.90972222,27.29845833,2206.3894,Perennial.herbaceous,none,,,,,2.7,7.1,43.7,23.7,32.9,1.08,264.1,,,,1.26,0.1,62.7,5,32.3,sandy clay loam,1.714300858,0,35,17.5
